$GNRMC,023555.40,A,3708.80907692,N,12724.86646663,E,0.087,328.4,070826,8.4,W,R,S*5C
$GNGGA,023555.40,3708.80907692,N,12724.86646663,E,4,29,0.6,147.1181,M,24.1323,M,1.4,1012*51
$GNTHS,78.7495,A*29
$GNRMC,023555.60,A,3708.80908258,N,12724.86646637,E,0.115,2.2,070826,8.4,W,R,S*55
$GNGGA,023555.60,3708.80908258,N,12724.86646637,E,4,30,0.6,147.1172,M,24.1323,M,0.6,1012*58
$GNTHS,78.7710,A*27
$GNRMC,023555.80,A,3708.80909632,N,12724.86646850,E,0.262,14.8,070826,8.4,W,R,S*63
$GNGGA,023555.80,3708.80909632,N,12724.86646850,E,4,30,0.6,147.1447,M,24.1323,M,0.8,1012*5D
$GNTHS,78.8210,A*2D
$GNRMC,023556.00,A,3708.80909583,N,12724.86646180,E,0.124,255.8,070826,8.4,W,R,S*53
$GNGGA,023556.00,3708.80909583,N,12724.86646180,E,4,31,0.6,147.1779,M,24.1323,M,1.0,1012*5D
$GNTHS,78.3708,A*2A
$GNRMC,023556.20,A,3708.80911372,N,12724.86646176,E,0.429,11.3,070826,8.4,W,R,S*68
$GNGGA,023556.20,3708.80911372,N,12724.86646176,E,4,28,0.6,147.2155,M,24.1323,M,1.2,1012*56
$GNTHS,78.2655,A*22
$GNRMC,023556.40,A,3708.80914461,N,12724.86647242,E,0.584,13.5,070826,8.4,W,R,S*69
$GNGGA,023556.40,3708.80914461,N,12724.86647242,E,4,27,0.6,147.1940,M,24.1323,M,1.4,1012*53
$GNTHS,78.7363,A*27
$GNRMC,023556.60,A,3708.80916132,N,12724.86648533,E,0.203,69.8,070826,8.4,W,R,S*6C
$GNGGA,023556.60,3708.80916132,N,12724.86648533,E,4,30,0.6,147.1802,M,24.1323,M,1.6,1012*5D
$GNTHS,79.8203,A*2E
$GNRMC,023556.80,A,3708.80916339,N,12724.86647588,E,0.380,197.0,070826,8.4,W,R,S*56
$GNGGA,023556.80,3708.80916339,N,12724.86647588,E,4,31,0.6,147.1242,M,24.1323,M,0.8,1012*55
$GNTHS,79.4044,A*23
$GNRMC,023557.00,A,3708.80915529,N,12724.86644941,E,0.424,258.2,070826,8.4,W,R,S*5A
$GNGGA,023557.00,3708.80915529,N,12724.86644941,E,4,30,0.6,147.1847,M,24.1323,M,1.0,1012*55
$GNTHS,78.1576,A*23
$GNRMC,023557.20,A,3708.80914314,N,12724.86645968,E,0.351,99.6,070826,8.4,W,R,S*65
$GNGGA,023557.20,3708.80914314,N,12724.86645968,E,4,30,0.6,147.3053,M,24.1323,M,1.2,1012*59
$GNTHS,77.6854,A*26
$GNTHS,77.6854,A*26
$GNTHS,77.6854,A*26
$GNTHS,77.6854,A*26
$GNRMC,023557.40,A,3708.80913022,N,12724.86647227,E,0.451,140.7,070826,8.4,W,R,S*53
$GNGGA,023557.40,3708.80913022,N,12724.86647227,E,4,30,0.6,147.3808,M,24.1323,M,1.4,1012*5C
$GNTHS,78.0241,A*21
$GNTHS,78.0241,A*21
$GNTHS,78.0241,A*21
$GNRMC,023557.60,A,3708.80911266,N,12724.86647806,E,0.570,154.3,070826,8.4,W,R,S*5B
$GNGGA,023557.60,3708.80911266,N,12724.86647806,E,4,30,0.6,147.4199,M,24.1323,M,0.6,1012*52
$GPTHS,,V*0E
$GPTHS,,V*0E
$GPTHS,,V*0E
$GPTHS,,V*0E
$GNRMC,023557.80,A,3708.80912743,N,12724.86651227,E,0.761,44.4,070826,8.4,W,R,S*6F
$GNGGA,023557.80,3708.80912743,N,12724.86651227,E,4,31,0.6,147.4228,M,24.1323,M,0.8,1012*55
$GPTHS,,V*0E
$GNRMC,023558.00,A,3708.80913346,N,12724.86654412,E,0.837,58.9,070826,8.4,W,R,S*61
$GNGGA,023558.00,3708.80913346,N,12724.86654412,E,4,32,0.6,147.3739,M,24.1323,M,1.0,1012*5F
$GPTHS,,V*0E
$GNRMC,023558.20,A,3708.80915000,N,12724.86662687,E,1.348,85.5,070826,8.4,W,R,S*61
$GNGGA,023558.20,3708.80915000,N,12724.86662687,E,4,30,0.6,147.3681,M,24.1323,M,1.2,1012*53
$GPTHS,,V*0E
$GNRMC,023558.40,A,3708.80917414,N,12724.86675076,E,1.577,66.4,070826,8.4,W,R,S*6C
$GNGGA,023558.40,3708.80917414,N,12724.86675076,E,4,28,0.6,147.3946,M,24.1323,M,1.4,1012*53
$GPTHS,,V*0E
$GNRMC,023558.60,A,3708.80925875,N,12724.86682074,E,2.185,19.1,070826,8.4,W,R,S*69
$GNGGA,023558.60,3708.80925875,N,12724.86682074,E,4,30,0.6,147.3690,M,24.1323,M,1.6,1012*5E
$GPTHS,,V*0E
$GNRMC,023558.80,A,3708.80934969,N,12724.86687559,E,1.797,26.6,070826,8.4,W,R,S*69
$GNGGA,023558.80,3708.80934969,N,12724.86687559,E,4,30,0.6,147.3362,M,24.1323,M,1.8,1012*55
$GPTHS,,V*0E
$GNRMC,023559.00,A,3708.80941281,N,12724.86695524,E,1.577,59.6,070826,8.4,W,R,S*62
$GNGGA,023559.00,3708.80941281,N,12724.86695524,E,4,29,0.6,147.3552,M,24.1323,M,1.0,1012*5F
$GPTHS,,V*0E
$GNRMC,023559.20,A,3708.80946894,N,12724.86705182,E,1.665,56.0,070826,8.4,W,R,S*60
$GNGGA,023559.20,3708.80946894,N,12724.86705182,E,4,29,0.6,147.3394,M,24.1323,M,1.2,1012*5A
$GPTHS,,V*0E
$GNRMC,023559.40,A,3708.80951616,N,12724.86717635,E,1.821,61.1,070826,8.4,W,R,S*67
$GNGGA,023559.40,3708.80951616,N,12724.86717635,E,4,29,0.6,147.3433,M,24.1324,M,1.4,1012*5D
$GPTHS,,V*0E
$GNRMC,023559.60,A,3708.80958711,N,12724.86728097,E,1.933,51.2,070826,8.4,W,R,S*6A
$GNGGA,023559.60,3708.80958711,N,12724.86728097,E,4,29,0.6,147.3606,M,24.1324,M,1.6,1012*54
$GPTHS,,V*0E
$GNRMC,023559.80,A,3708.80966218,N,12724.86738622,E,2.122,48.7,070826,8.4,W,R,S*6A
$GNGGA,023559.80,3708.80966218,N,12724.86738622,E,4,27,0.6,147.4169,M,24.1324,M,1.8,1012*5B
$GPTHS,,V*0E
$GNRMC,023600.00,A,3708.80973050,N,12724.86750289,E,2.046,57.9,070826,8.4,W,R,S*6F
$GNGGA,023600.00,3708.80973050,N,12724.86750289,E,4,27,0.6,147.4037,M,24.1324,M,1.0,1012*5F
$GPTHS,,V*0E
$GNRMC,023600.20,A,3708.80980813,N,12724.86762445,E,2.396,50.7,070826,8.4,W,R,S*6E
$GNGGA,023600.20,3708.80980813,N,12724.86762445,E,4,29,0.6,147.3938,M,24.1324,M,1.2,1012*54
$GPTHS,,V*0E
$GNRMC,023600.40,A,3708.80986116,N,12724.86776551,E,2.269,66.6,070826,8.4,W,R,S*66
$GNGGA,023600.40,3708.80986116,N,12724.86776551,E,4,29,0.6,147.3929,M,24.1324,M,1.4,1012*5F
$GPTHS,,V*0E
$GNRMC,023600.60,A,3708.80991199,N,12724.86791141,E,2.309,69.9,070826,8.4,W,R,S*6E
$GNGGA,023600.60,3708.80991199,N,12724.86791141,E,4,29,0.6,147.3565,M,24.1324,M,0.6,1012*57
$GPTHS,,V*0E
$GNRMC,023600.80,A,3708.80996933,N,12724.86805875,E,2.339,62.6,070826,8.4,W,R,S*64
$GNGGA,023600.80,3708.80996933,N,12724.86805875,E,4,28,0.6,147.3867,M,24.1324,M,0.8,1012*5A
$GPTHS,,V*0E
$GNRMC,023601.00,A,3708.81001088,N,12724.86821148,E,2.453,70.2,070826,8.4,W,R,S*6F
$GNGGA,023601.00,3708.81001088,N,12724.86821148,E,4,28,0.6,147.3797,M,24.1324,M,1.0,1012*54
$GPTHS,,V*0E
$GNRMC,023601.20,A,3708.81006788,N,12724.86836634,E,2.200,72.8,070826,8.4,W,R,S*6F
$GNGGA,023601.20,3708.81006788,N,12724.86836634,E,4,27,0.6,147.3161,M,24.1324,M,1.2,1012*5E
$GPTHS,,V*0E
$GNRMC,023601.40,A,3708.81011763,N,12724.86852503,E,2.517,69.7,070826,8.4,W,R,S*6B
$GNGGA,023601.40,3708.81011763,N,12724.86852503,E,4,30,0.6,147.3458,M,24.1324,M,1.4,1012*51
$GPTHS,,V*0E
$GNRMC,023601.60,A,3708.81015889,N,12724.86868929,E,2.589,75.6,070826,8.4,W,R,S*60
$GNGGA,023601.60,3708.81015889,N,12724.86868929,E,4,29,0.6,147.3134,M,24.1324,M,0.6,1012*55
$GPTHS,,V*0E
$GNRMC,023601.80,A,3708.81019795,N,12724.86886097,E,2.575,75.6,070826,8.4,W,R,S*6F
$GNGGA,023601.80,3708.81019795,N,12724.86886097,E,4,29,0.6,147.3136,M,24.1324,M,0.8,1012*55
$GPTHS,,V*0E
$GNRMC,023602.00,A,3708.81024001,N,12724.86903137,E,2.628,74.1,070826,8.4,W,R,S*6A
$GNGGA,023602.00,3708.81024001,N,12724.86903137,E,4,30,0.6,147.3213,M,24.1324,M,1.0,1012*58
$GPTHS,,V*0E
$GNRMC,023602.20,A,3708.81027104,N,12724.86920903,E,2.656,74.8,070826,8.4,W,R,S*61
$GNGGA,023602.20,3708.81027104,N,12724.86920903,E,4,29,0.6,147.2878,M,24.1324,M,1.2,1012*5F
$GPTHS,,V*0E
$GNRMC,023602.40,A,3708.81030692,N,12724.86936945,E,2.247,71.6,070826,8.4,W,R,S*63
$GNGGA,023602.40,3708.81030692,N,12724.86936945,E,4,26,0.7,147.2472,M,24.1324,M,1.4,1012*5C
$GPTHS,,V*0E
$GNRMC,023602.60,A,3708.81034069,N,12724.86953025,E,2.213,72.8,070826,8.4,W,R,S*67
$GNGGA,023602.60,3708.81034069,N,12724.86953025,E,4,27,0.6,147.1849,M,24.1324,M,1.6,1012*51
$GPTHS,,V*0E
$GNRMC,023602.80,A,3708.81034238,N,12724.86968383,E,2.189,95.6,070826,8.4,W,R,S*6F
$GNGGA,023602.80,3708.81034238,N,12724.86968383,E,4,27,0.6,147.1373,M,24.1324,M,0.8,1012*53
$GPTHS,,V*0E
$GNRMC,023603.00,A,3708.81035316,N,12724.86982656,E,2.165,88.1,070826,8.4,W,R,S*6A
$GNGGA,023603.00,3708.81035316,N,12724.86982656,E,4,27,0.6,147.1723,M,24.1324,M,1.0,1012*57
$GPTHS,,V*0E
$GNRMC,023603.20,A,3708.81037668,N,12724.86996446,E,2.343,74.8,070826,8.4,W,R,S*6C
$GNGGA,023603.20,3708.81037668,N,12724.86996446,E,4,27,0.6,147.1826,M,24.1325,M,1.2,1012*54
$GPTHS,,V*0E
$GNRMC,023603.40,A,3708.81040892,N,12724.87011629,E,2.294,74.9,070826,8.4,W,R,S*67
$GNGGA,023603.40,3708.81040892,N,12724.87011629,E,4,28,0.6,147.1621,M,24.1325,M,1.4,1012*55
$GPTHS,,V*0E
$GNRMC,023603.60,A,3708.81044110,N,12724.87027072,E,2.331,75.7,070826,8.4,W,R,S*6E
$GNGGA,023603.60,3708.81044110,N,12724.87027072,E,4,28,0.6,147.1795,M,24.1325,M,1.6,1012*51
$GPTHS,,V*0E
$GNRMC,023603.80,A,3708.81046255,N,12724.87042849,E,2.365,81.2,070826,8.4,W,R,S*6C
$GNGGA,023603.80,3708.81046255,N,12724.87042849,E,4,28,0.6,147.1630,M,24.1325,M,0.8,1012*5D
$GPTHS,,V*0E
$GPTHS,,V*0E
$GPTHS,,V*0E
$GPTHS,,V*0E
$GNRMC,023604.00,A,3708.81047609,N,12724.87058219,E,2.212,84.5,070826,8.4,W,R,S*68
$GNGGA,023604.00,3708.81047609,N,12724.87058219,E,4,28,0.6,147.1673,M,24.1325,M,1.0,1012*54
$GPTHS,,V*0E
$GPTHS,,V*0E
$GPTHS,,V*0E
$GPTHS,,V*0E
$GNRMC,023604.20,A,3708.81049147,N,12724.87074551,E,2.398,82.8,070826,8.4,W,R,S*64
$GNGGA,023604.20,3708.81049147,N,12724.87074551,E,4,29,0.6,147.1876,M,24.1325,M,1.2,1012*58
$GPTHS,,V*0E
$GPTHS,,V*0E
$GPTHS,,V*0E
$GPTHS,,V*0E
$GNRMC,023604.40,A,3708.81050928,N,12724.87091241,E,2.422,81.7,070826,8.4,W,R,S*6C
$GNGGA,023604.40,3708.81050928,N,12724.87091241,E,4,27,0.6,147.1728,M,24.1325,M,1.4,1012*56
$GPTHS,,V*0E
$GPTHS,,V*0E
$GPTHS,,V*0E
$GPTHS,,V*0E
$GNRMC,023604.60,A,3708.81053501,N,12724.87107566,E,2.429,78.9,070826,8.4,W,R,S*65
$GNGGA,023604.60,3708.81053501,N,12724.87107566,E,4,28,0.6,147.2103,M,24.1325,M,1.6,1012*5D
$GPTHS,,V*0E
$GPTHS,,V*0E
$GPTHS,,V*0E
$GPTHS,,V*0E
$GNRMC,023604.80,A,3708.81055407,N,12724.87123853,E,2.408,81.6,070826,8.4,W,R,S*6D
$GNGGA,023604.80,3708.81055407,N,12724.87123853,E,4,28,0.6,147.2412,M,24.1325,M,1.8,1012*54
$GPTHS,,V*0E
$GNRMC,023605.00,A,3708.81055630,N,12724.87139283,E,2.131,92.6,070826,8.4,W,R,S*63
$GNGGA,023605.00,3708.81055630,N,12724.87139283,E,4,29,0.6,147.2336,M,24.1325,M,1.0,1012*5F
$GPTHS,,V*0E
$GNRMC,023605.20,A,3708.81055269,N,12724.87154468,E,2.028,96.6,070826,8.4,W,R,S*6C
$GNGGA,023605.20,3708.81055269,N,12724.87154468,E,4,30,0.6,147.2646,M,24.1325,M,1.2,1012*55
$GPTHS,,V*0E
$GNRMC,023605.40,A,3708.81055366,N,12724.87168754,E,2.048,84.2,070826,8.4,W,R,S*66
$GNGGA,023605.40,3708.81055366,N,12724.87168754,E,4,31,0.6,147.2868,M,24.1326,M,1.4,1012*58
$GPTHS,,V*0E
$GNRMC,023605.60,A,3708.81057376,N,12724.87180920,E,1.916,71.5,070826,8.4,W,R,S*60
$GNGGA,023605.60,3708.81057376,N,12724.87180920,E,4,30,0.6,147.3259,M,24.1326,M,1.6,1012*58
$GPTHS,,V*0E
$GPTHS,,V*0E
$GPTHS,,V*0E
$GPTHS,,V*0E
$GNRMC,023605.80,A,3708.81057618,N,12724.87189983,E,0.895,108.2,070826,8.4,W,R,S*50
$GNGGA,023605.80,3708.81057618,N,12724.87189983,E,4,30,0.6,147.4086,M,24.1326,M,0.8,1012*53
$GPTHS,,V*0E
$GPTHS,,V*0E
$GPTHS,,V*0E
$GPTHS,,V*0E
$GNRMC,023606.00,A,3708.81053628,N,12724.87195088,E,1.216,151.4,070826,8.4,W,R,S*59
$GNGGA,023606.00,3708.81053628,N,12724.87195088,E,4,31,0.6,147.5062,M,24.1326,M,1.0,1012*53
$GPTHS,,V*0E
$GPTHS,,V*0E
$GPTHS,,V*0E
$GPTHS,,V*0E
$GNRMC,023606.20,A,3708.81050368,N,12724.87200007,E,0.736,145.2,070826,8.4,W,R,S*54
$GNGGA,023606.20,3708.81050368,N,12724.87200007,E,4,32,0.6,147.4638,M,24.1326,M,1.2,1012*52
$GPTHS,,V*0E
$GPTHS,,V*0E
$GPTHS,,V*0E
$GPTHS,,V*0E
$GNRMC,023606.40,A,3708.81051422,N,12724.87199234,E,0.839,327.5,070826,8.4,W,R,S*5A
$GNGGA,023606.40,3708.81051422,N,12724.87199234,E,4,33,0.5,147.4448,M,24.1326,M,1.4,1012*5C
$GPTHS,,V*0E
$GPTHS,,V*0E
$GPTHS,,V*0E
$GPTHS,,V*0E
$GNRMC,023606.60,A,3708.81054466,N,12724.87197256,E,0.879,328.8,070826,8.4,W,R,S*51
$GNGGA,023606.60,3708.81054466,N,12724.87197256,E,4,33,0.5,147.4346,M,24.1326,M,0.6,1012*5B
$GPTHS,,V*0E
$GPTHS,,V*0E
$GPTHS,,V*0E
$GPTHS,,V*0E
$GNRMC,023606.80,A,3708.81055271,N,12724.87196542,E,0.147,137.2,070826,8.4,W,R,S*5F
$GNGGA,023606.80,3708.81055271,N,12724.87196542,E,4,33,0.5,147.4437,M,24.1326,M,0.8,1012*58
$GPTHS,,V*0E
$GPTHS,,V*0E
$GPTHS,,V*0E
$GNRMC,023607.00,A,3708.81050617,N,12724.87197155,E,1.450,168.9,070826,8.4,W,R,S*57
$GNGGA,023607.00,3708.81050617,N,12724.87197155,E,4,33,0.5,147.4778,M,24.1326,M,1.0,1012*52
$GPTHS,,V*0E
$GPTHS,,V*0E
$GNRMC,023607.20,A,3708.81042721,N,12724.87201378,E,2.019,161.3,070826,8.4,W,R,S*5A
$GNGGA,023607.20,3708.81042721,N,12724.87201378,E,4,33,0.5,147.5815,M,24.1326,M,1.2,1012*51
$GPTHS,,V*0E
$GNRMC,023607.40,A,3708.81035479,N,12724.87210241,E,1.996,124.3,070826,8.4,W,R,S*55
$GNGGA,023607.40,3708.81035479,N,12724.87210241,E,4,32,0.5,147.6079,M,24.1326,M,1.4,1012*54
$GNTHS,308.3180,A*18
$GNRMC,023607.60,A,3708.81030988,N,12724.87222862,E,2.197,103.8,070826,8.4,W,R,S*5F
$GNGGA,023607.60,3708.81030988,N,12724.87222862,E,4,35,0.5,147.6723,M,24.1326,M,0.6,1012*56
$GNTHS,307.4741,A*1B
$GNRMC,023607.80,A,3708.81029984,N,12724.87237027,E,2.023,89.2,070826,8.4,W,R,S*6F
$GNGGA,023607.80,3708.81029984,N,12724.87237027,E,4,34,0.5,147.6832,M,24.1326,M,0.8,1012*51
$GNTHS,305.9077,A*16
$GNRMC,023608.00,A,3708.81030741,N,12724.87249061,E,1.526,76.6,070826,8.4,W,R,S*6B
$GNGGA,023608.00,3708.81030741,N,12724.87249061,E,4,35,0.5,147.6446,M,24.1326,M,1.0,1012*55
$GNTHS,304.8682,A*1A
$GNRMC,023608.20,A,3708.81032086,N,12724.87257171,E,0.948,78.3,070826,8.4,W,R,S*66
$GNGGA,023608.20,3708.81032086,N,12724.87257171,E,4,34,0.5,147.5556,M,24.1326,M,1.2,1012*56
$GPTHS,,V*0E
$GNRMC,023608.40,A,3708.81034661,N,12724.87264080,E,1.094,54.2,070826,8.4,W,R,S*60
$GNGGA,023608.40,3708.81034661,N,12724.87264080,E,4,32,0.6,147.4712,M,24.1326,M,1.4,1012*56
$GNTHS,344.6847,A*17
$GNRMC,023608.60,A,3708.81039102,N,12724.87266407,E,0.946,16.8,070826,8.4,W,R,S*6F
$GNGGA,023608.60,3708.81039102,N,12724.87266407,E,4,34,0.5,147.4225,M,24.1326,M,1.6,1012*54
$GNTHS,343.1439,A*12
$GNTHS,343.1439,A*12
$GNTHS,343.1439,A*12
$GNRMC,023608.80,A,3708.81042152,N,12724.87266881,E,0.472,334.4,070826,8.4,W,R,S*5F
$GNGGA,023608.80,3708.81042152,N,12724.87266881,E,4,34,0.5,147.3954,M,24.1326,M,0.8,1012*54
$GPTHS,,V*0E
$GNRMC,023609.00,A,3708.81045451,N,12724.87267956,E,0.603,24.7,070826,8.4,W,R,S*68
$GNGGA,023609.00,3708.81045451,N,12724.87267956,E,4,34,0.5,147.3966,M,24.1326,M,1.0,1012*5E
$GPTHS,,V*0E
$GNRMC,023609.20,A,3708.81047097,N,12724.87268276,E,0.248,12.2,070826,8.4,W,R,S*6B
$GNGGA,023609.20,3708.81047097,N,12724.87268276,E,4,34,0.5,147.3822,M,24.1326,M,1.2,1012*55
$GPTHS,,V*0E
$GPTHS,,V*0E
$GPTHS,,V*0E
$GPTHS,,V*0E
$GNRMC,023609.40,A,3708.81050992,N,12724.87268078,E,0.892,352.4,070826,8.4,W,R,S*57
$GNGGA,023609.40,3708.81050992,N,12724.87268078,E,4,34,0.5,147.3884,M,24.1326,M,1.4,1012*5F
$GNTHS,357.0657,A*1C
$GNRMC,023609.60,A,3708.81052794,N,12724.87268325,E,0.234,6.9,070826,8.4,W,R,S*5D
$GNGGA,023609.60,3708.81052794,N,12724.87268325,E,4,34,0.5,147.3488,M,24.1326,M,1.6,1012*5E
$GNTHS,356.9845,A*19
$GNTHS,356.9845,A*19
$GNTHS,356.9845,A*19
$GNRMC,023609.80,A,3708.81054395,N,12724.87269243,E,0.200,67.4,070826,8.4,W,R,S*6D
$GNGGA,023609.80,3708.81054395,N,12724.87269243,E,4,35,0.5,147.3233,M,24.1326,M,0.8,1012*5B
$GNTHS,356.8310,A*13
$GNTHS,356.8310,A*13
$GNTHS,356.8310,A*13
$GNRMC,023610.00,A,3708.81056321,N,12724.87270191,E,0.418,23.1,070826,8.4,W,R,S*6E
$GNGGA,023610.00,3708.81056321,N,12724.87270191,E,4,34,0.5,147.3068,M,24.1326,M,1.0,1012*56
$GNTHS,356.8700,A*16
$GNTHS,356.8700,A*16
$GNTHS,356.8700,A*16
$GNTHS,356.8700,A*16
$GNRMC,023610.20,A,3708.81057978,N,12724.87271348,E,0.408,18.8,070826,8.4,W,R,S*6C
$GNGGA,023610.20,3708.81057978,N,12724.87271348,E,4,33,0.5,147.2916,M,24.1326,M,1.2,1012*50
$GNTHS,356.6622,A*19
$GNTHS,356.6622,A*19
$GNTHS,356.6622,A*19
$GNTHS,356.6622,A*19
$GNRMC,023610.40,A,3708.81059454,N,12724.87270847,E,0.212,332.1,070826,8.4,W,R,S*5D
$GNGGA,023610.40,3708.81059454,N,12724.87270847,E,4,32,0.5,147.3054,M,24.1326,M,1.4,1012*57
$GNTHS,354.6891,A*1D
$GNTHS,354.6891,A*1D
$GNTHS,354.6891,A*1D
$GNTHS,354.6891,A*1D
$GNRMC,023610.60,A,3708.81059299,N,12724.87270261,E,0.220,225.3,070826,8.4,W,R,S*52
$GNGGA,023610.60,3708.81059299,N,12724.87270261,E,4,33,0.5,147.3010,M,24.1326,M,1.6,1012*5F
$GNTHS,354.7240,A*1A
$GNTHS,354.7240,A*1A
$GNTHS,354.7240,A*1A
$GNTHS,354.7240,A*1A
$GNRMC,023610.80,A,3708.81058992,N,12724.87270179,E,0.062,160.1,070826,8.4,W,R,S*53
$GNGGA,023610.80,3708.81058992,N,12724.87270179,E,4,33,0.5,147.2955,M,24.1326,M,0.8,1012*5C
$GNTHS,354.7050,A*19
$GNTHS,354.7050,A*19
$GNTHS,354.7050,A*19
$GNTHS,354.7050,A*19
$GNRMC,023611.00,A,3708.81059644,N,12724.87270578,E,0.295,13.1,070826,8.4,W,R,S*65
$GNGGA,023611.00,3708.81059644,N,12724.87270578,E,4,33,0.5,147.2862,M,24.1326,M,1.0,1012*59
$GNTHS,354.6441,A*1C
$GNTHS,354.6441,A*1C
$GNTHS,354.6441,A*1C
$GNTHS,354.6441,A*1C
$GNRMC,023611.20,A,3708.81060061,N,12724.87271020,E,0.084,33.5,070826,8.4,W,R,S*61
$GNGGA,023611.20,3708.81060061,N,12724.87271020,E,4,33,0.5,147.2776,M,24.1326,M,1.2,1012*51
$GNTHS,354.6146,A*1E
$GNTHS,354.6146,A*1E
$GNRMC,023611.40,A,3708.81060192,N,12724.87271556,E,0.157,112.1,070826,8.4,W,R,S*57
$GNGGA,023611.40,3708.81060192,N,12724.87271556,E,4,33,0.5,147.2633,M,24.1326,M,1.4,1012*58
$GNTHS,268.5289,A*13
$GNTHS,268.5289,A*13
$GNTHS,268.5289,A*13
$GNTHS,268.5289,A*13
$GNRMC,023611.60,A,3708.81060805,N,12724.87273059,E,0.313,58.6,070826,8.4,W,R,S*60
$GNGGA,023611.60,3708.81060805,N,12724.87273059,E,4,33,0.5,147.2546,M,24.1326,M,1.6,1012*56
$GNTHS,268.8292,A*14
$GNTHS,268.8292,A*14
$GNTHS,268.8292,A*14
$GNTHS,268.8292,A*14
$GNRMC,023611.80,A,3708.81061572,N,12724.87276193,E,0.646,69.5,070826,8.4,W,R,S*64
$GNGGA,023611.80,3708.81061572,N,12724.87276193,E,4,34,0.5,147.2576,M,24.1326,M,1.8,1012*5C
$GNTHS,268.3850,A*1B
$GNTHS,268.3850,A*1B
$GNTHS,268.3850,A*1B
$GNTHS,268.3850,A*1B
$GNRMC,023612.00,A,3708.81061540,N,12724.87282112,E,1.077,96.8,070826,8.4,W,R,S*64
$GNGGA,023612.00,3708.81061540,N,12724.87282112,E,4,35,0.5,147.2672,M,24.1326,M,1.0,1012*5A
$GNTHS,269.0300,A*17
$GNTHS,269.0300,A*17
$GNTHS,269.0300,A*17
$GNTHS,269.0300,A*17
$GNRMC,023612.20,A,3708.81060521,N,12724.87291011,E,1.442,100.0,070826,8.4,W,R,S*54
$GNGGA,023612.20,3708.81060521,N,12724.87291011,E,4,36,0.5,147.2803,M,24.1326,M,1.2,1012*57
$GNTHS,269.9544,A*18
$GNTHS,269.9544,A*18
$GNTHS,269.9544,A*18
$GNTHS,269.9544,A*18
$GNRMC,023612.40,A,3708.81059159,N,12724.87302071,E,1.765,99.8,070826,8.4,W,R,S*61
$GNGGA,023612.40,3708.81059159,N,12724.87302071,E,4,36,0.5,147.2792,M,24.1326,M,1.4,1012*5C
$GNTHS,270.9239,A*1D
$GNTHS,270.9239,A*1D
$GNTHS,270.9239,A*1D
$GNTHS,270.9239,A*1D
$GNRMC,023612.60,A,3708.81058954,N,12724.87313286,E,1.688,88.1,070826,8.4,W,R,S*66
$GNGGA,023612.60,3708.81058954,N,12724.87313286,E,4,35,0.5,147.2723,M,24.1326,M,1.6,1012*5B
$GNTHS,270.3531,A*18
$GNTHS,270.3531,A*18
$GNTHS,270.3531,A*18
$GNTHS,270.3531,A*18
$GNRMC,023612.80,A,3708.81058683,N,12724.87325098,E,1.688,88.3,070826,8.4,W,R,S*67
$GNGGA,023612.80,3708.81058683,N,12724.87325098,E,4,36,0.5,147.2496,M,24.1326,M,1.8,1012*58
$GNTHS,271.7755,A*1D
$GNTHS,271.7755,A*1D
$GNTHS,271.7755,A*1D
$GNRMC,023613.00,A,3708.81057257,N,12724.87338869,E,2.119,100.9,070826,8.4,W,R,S*51
$GNGGA,023613.00,3708.81057257,N,12724.87338869,E,4,36,0.5,147.2637,M,24.1326,M,1.0,1012*58
$GNTHS,273.2057,A*1F
$GNTHS,273.2057,A*1F
$GNTHS,273.2057,A*1F
$GNRMC,023613.20,A,3708.81056338,N,12724.87352986,E,2.190,94.4,070826,8.4,W,R,S*66
$GNGGA,023613.20,3708.81056338,N,12724.87352986,E,4,34,0.5,147.2418,M,24.1327,M,1.2,1012*51
$GNTHS,273.4061,A*1C
$GNTHS,273.4061,A*1C
$GNTHS,273.4061,A*1C
$GNRMC,023613.40,A,3708.81056016,N,12724.87367004,E,1.963,89.5,070826,8.4,W,R,S*60
$GNGGA,023613.40,3708.81056016,N,12724.87367004,E,4,33,0.5,147.2194,M,24.1327,M,1.4,1012*5D
$GNTHS,273.3028,A*16
$GNTHS,273.3028,A*16
$GNTHS,273.3028,A*16
$GNTHS,273.3028,A*16
$GNRMC,023613.60,A,3708.81056877,N,12724.87381824,E,2.202,83.0,070826,8.4,W,R,S*6F
$GNGGA,023613.60,3708.81056877,N,12724.87381824,E,4,34,0.5,147.2579,M,24.1327,M,0.6,1012*51
$GNTHS,271.6606,A*1B
$GNTHS,271.6606,A*1B
$GNTHS,271.6606,A*1B
$GNRMC,023613.80,A,3708.81058614,N,12724.87396333,E,2.219,81.9,070826,8.4,W,R,S*6E
$GNGGA,023613.80,3708.81058614,N,12724.87396333,E,4,34,0.5,147.2977,M,24.1327,M,0.8,1012*5D
$GNTHS,269.3698,A*10
$GNTHS,269.3698,A*10
$GNTHS,269.3698,A*10
$GNTHS,269.3698,A*10
$GNRMC,023614.00,A,3708.81060385,N,12724.87411071,E,2.172,80.3,070826,8.4,W,R,S*6F
$GNGGA,023614.00,3708.81060385,N,12724.87411071,E,4,33,0.6,147.2954,M,24.1327,M,1.0,1012*55
$GNTHS,269.3262,A*11
$GNTHS,269.3262,A*11
$GNTHS,269.3262,A*11
$GNTHS,269.3262,A*11
$GNRMC,023614.20,A,3708.81062106,N,12724.87425719,E,2.079,82.5,070826,8.4,W,R,S*66
$GNGGA,023614.20,3708.81062106,N,12724.87425719,E,4,33,0.6,147.3352,M,24.1327,M,1.2,1012*5D
$GNTHS,271.1240,A*1A
$GNTHS,271.1240,A*1A
$GNTHS,271.1240,A*1A
$GNTHS,271.1240,A*1A
$GNRMC,023614.40,A,3708.81064597,N,12724.87441128,E,2.241,76.1,070826,8.4,W,R,S*6A
$GNGGA,023614.40,3708.81064597,N,12724.87441128,E,4,33,0.6,147.3514,M,24.1327,M,1.4,1012*55
$GNTHS,271.1425,A*1F
$GNTHS,271.1425,A*1F
$GNTHS,271.1425,A*1F
$GNRMC,023614.60,A,3708.81067115,N,12724.87455657,E,2.202,77.3,070826,8.4,W,R,S*6B
$GNGGA,023614.60,3708.81067115,N,12724.87455657,E,4,34,0.5,147.3555,M,24.1327,M,0.6,1012*52
$GNTHS,270.2336,A*18
$GNTHS,270.2336,A*18
$GNTHS,270.2336,A*18
$GNRMC,023614.80,A,3708.81071880,N,12724.87471427,E,2.555,65.0,070826,8.4,W,R,S*61
$GNGGA,023614.80,3708.81071880,N,12724.87471427,E,4,34,0.5,147.3816,M,24.1327,M,0.8,1012*59
$GNTHS,265.7308,A*14
$GNTHS,265.7308,A*14
$GNTHS,265.7308,A*14
$GNRMC,023615.00,A,3708.81073906,N,12724.87487626,E,2.456,87.8,070826,8.4,W,R,S*69
$GNGGA,023615.00,3708.81073906,N,12724.87487626,E,4,34,0.5,147.3357,M,24.1327,M,1.0,1012*50
$GNTHS,266.6158,A*11
$GNTHS,266.6158,A*11
$GNTHS,266.6158,A*11
$GNTHS,266.6158,A*11
$GNRMC,023615.20,A,3708.81075495,N,12724.87503887,E,2.354,87.4,070826,8.4,W,R,S*6B
$GNGGA,023615.20,3708.81075495,N,12724.87503887,E,4,34,0.5,147.3428,M,24.1327,M,1.2,1012*56
$GNTHS,268.1576,A*10
$GNTHS,268.1576,A*10
$GNTHS,268.1576,A*10
$GNTHS,268.1576,A*10
$GNRMC,023615.40,A,3708.81077235,N,12724.87520368,E,2.300,76.8,070826,8.4,W,R,S*6B
$GNGGA,023615.40,3708.81077235,N,12724.87520368,E,4,34,0.5,147.3859,M,24.1327,M,1.4,1012*59
$GNTHS,268.1016,A*13
$GNTHS,268.1016,A*13
$GNTHS,268.1016,A*13
$GNTHS,268.1016,A*13
$GNRMC,023615.60,A,3708.81077184,N,12724.87535884,E,2.212,95.1,070826,8.4,W,R,S*6B
$GNGGA,023615.60,3708.81077184,N,12724.87535884,E,4,34,0.5,147.3734,M,24.1328,M,1.6,1012*56
$GNTHS,270.6965,A*10
$GNTHS,270.6965,A*10
$GNTHS,270.6965,A*10
$GNTHS,270.6965,A*10
$GNRMC,023615.80,A,3708.81079143,N,12724.87550706,E,2.164,78.2,070826,8.4,W,R,S*64
$GNGGA,023615.80,3708.81079143,N,12724.87550706,E,4,35,0.5,147.3748,M,24.1328,M,1.8,1012*5F
$GNTHS,269.1632,A*12
$GNTHS,269.1632,A*12
$GNTHS,269.1632,A*12
$GNTHS,269.1632,A*12
$GNRMC,023616.00,A,3708.81081504,N,12724.87565614,E,2.183,73.8,070826,8.4,W,R,S*63
$GNGGA,023616.00,3708.81081504,N,12724.87565614,E,4,34,0.5,147.3936,M,24.1328,M,1.0,1012*5E
$GNTHS,268.2094,A*1A
$GNRMC,023616.20,A,3708.81081894,N,12724.87579816,E,2.078,94.6,070826,8.4,W,R,S*66
$GNGGA,023616.20,3708.81081894,N,12724.87579816,E,4,34,0.5,147.3952,M,24.1328,M,1.2,1012*59
$GNTHS,269.9518,A*11
$GNTHS,269.9518,A*11
$GNTHS,269.9518,A*11
$GNRMC,023616.40,A,3708.81082745,N,12724.87594698,E,2.113,88.2,070826,8.4,W,R,S*6E
$GNGGA,023616.40,3708.81082745,N,12724.87594698,E,4,34,0.5,147.4330,M,24.1328,M,1.4,1012*5B
$GNTHS,272.3569,A*17
$GNTHS,272.3569,A*17
$GNTHS,272.3569,A*17
$GNTHS,272.3569,A*17
$GNRMC,023616.60,A,3708.81083251,N,12724.87610777,E,2.402,86.4,070826,8.4,W,R,S*6F
$GNGGA,023616.60,3708.81083251,N,12724.87610777,E,4,34,0.5,147.4160,M,24.1328,M,1.6,1012*52
$GNTHS,271.5421,A*1F
$GNTHS,271.5421,A*1F
$GNTHS,271.5421,A*1F
$GNTHS,271.5421,A*1F
$GNRMC,023616.80,A,3708.81083018,N,12724.87625336,E,2.021,91.9,070826,8.4,W,R,S*67
$GNGGA,023616.80,3708.81083018,N,12724.87625336,E,4,34,0.5,147.4032,M,24.1328,M,0.8,1012*5D
$GNTHS,270.9761,A*15
$GNTHS,270.9761,A*15
$GNTHS,270.9761,A*15
$GNTHS,270.9761,A*15
$GNRMC,023617.00,A,3708.81086357,N,12724.87640355,E,2.319,72.1,070826,8.4,W,R,S*68
$GNGGA,023617.00,3708.81086357,N,12724.87640355,E,4,34,0.5,147.4166,M,24.1328,M,1.0,1012*56
$GNTHS,265.6816,A*11
$GNTHS,265.6816,A*11
$GNTHS,265.6816,A*11
$GNTHS,265.6816,A*11
$GNRMC,023617.20,A,3708.81086721,N,12724.87655405,E,2.142,90.1,070826,8.4,W,R,S*69
$GNGGA,023617.20,3708.81086721,N,12724.87655405,E,4,34,0.5,147.4199,M,24.1328,M,1.2,1012*55
$GNTHS,266.3013,A*1A
$GNTHS,266.3013,A*1A
$GNTHS,266.3013,A*1A
$GNTHS,266.3013,A*1A
$GNRMC,023617.40,A,3708.81086546,N,12724.87670128,E,2.150,96.5,070826,8.4,W,R,S*60
$GNGGA,023617.40,3708.81086546,N,12724.87670128,E,4,34,0.5,147.4184,M,24.1328,M,1.4,1012*57
$GNTHS,267.1455,A*1F
$GNTHS,267.1455,A*1F
$GNRMC,023617.60,A,3708.81087850,N,12724.87686225,E,2.406,80.8,070826,8.4,W,R,S*62
$GNGGA,023617.60,3708.81087850,N,12724.87686225,E,4,35,0.5,147.4162,M,24.1328,M,1.6,1012*52
$GNTHS,267.7318,A*17
$GNTHS,267.7318,A*17
$GNTHS,267.7318,A*17
$GNTHS,267.7318,A*17
$GNRMC,023617.80,A,3708.81087886,N,12724.87701632,E,2.147,91.1,070826,8.4,W,R,S*62
$GNGGA,023617.80,3708.81087886,N,12724.87701632,E,4,35,0.5,147.3851,M,24.1328,M,0.8,1012*5A
$GNTHS,268.4234,A*14
$GNTHS,268.4234,A*14
$GNTHS,268.4234,A*14
$GNTHS,268.4234,A*14
$GNRMC,023618.00,A,3708.81089480,N,12724.87716551,E,2.124,81.6,070826,8.4,W,R,S*62
$GNGGA,023618.00,3708.81089480,N,12724.87716551,E,4,34,0.5,147.3969,M,24.1328,M,1.0,1012*5B
$GNTHS,265.9883,A*12
$GNTHS,265.9883,A*12
$GNTHS,265.9883,A*12
$GNRMC,023618.20,A,3708.81092384,N,12724.87731895,E,2.287,72.9,070826,8.4,W,R,S*60
$GNGGA,023618.20,3708.81092384,N,12724.87731895,E,4,34,0.5,147.4070,M,24.1329,M,1.2,1012*55
$GNTHS,263.5506,A*18
$GNTHS,263.5506,A*18
$GNTHS,263.5506,A*18
$GNTHS,263.5506,A*18
$GNRMC,023618.40,A,3708.81092617,N,12724.87746997,E,2.223,93.0,070826,8.4,W,R,S*62
$GNGGA,023618.40,3708.81092617,N,12724.87746997,E,4,34,0.5,147.3856,M,24.1329,M,0.4,1012*53
$GNTHS,266.2150,A*1D
$GNTHS,266.2150,A*1D
$GNTHS,266.2150,A*1D
$GNTHS,266.2150,A*1D
$GNRMC,023618.60,A,3708.81093986,N,12724.87762201,E,2.177,85.1,070826,8.4,W,R,S*60
$GNGGA,023618.60,3708.81093986,N,12724.87762201,E,4,34,0.5,147.4110,M,24.1329,M,0.6,1012*5B
$GNTHS,267.0957,A*11
$GNTHS,267.0957,A*11
$GNTHS,267.0957,A*11
$GNTHS,267.0957,A*11
$GNRMC,023618.80,A,3708.81096679,N,12724.87778126,E,2.406,74.1,070826,8.4,W,R,S*64
$GNGGA,023618.80,3708.81096679,N,12724.87778126,E,4,34,0.5,147.3806,M,24.1329,M,0.8,1012*55
$GNTHS,266.9423,A*17
$GNTHS,266.9423,A*17
$GNTHS,266.9423,A*17
$GNTHS,266.9423,A*17
$GNRMC,023619.00,A,3708.81096161,N,12724.87792853,E,2.071,97.6,070826,8.4,W,R,S*62
$GNGGA,023619.00,3708.81096161,N,12724.87792853,E,4,34,0.5,147.3882,M,24.1329,M,1.0,1012*58
$GNTHS,267.1315,A*1C
$GNTHS,267.1315,A*1C
$GNTHS,267.1315,A*1C
$GNTHS,267.1315,A*1C
$GNRMC,023619.20,A,3708.81099497,N,12724.87807409,E,2.169,68.5,070826,8.4,W,R,S*68
$GNGGA,023619.20,3708.81099497,N,12724.87807409,E,4,34,0.5,147.4066,M,24.1329,M,1.2,1012*5E
$GNTHS,262.3268,A*10
$GNTHS,262.3268,A*10
$GNTHS,262.3268,A*10
$GNRMC,023619.40,A,3708.81101542,N,12724.87822388,E,2.295,78.7,070826,8.4,W,R,S*6D
$GNGGA,023619.40,3708.81101542,N,12724.87822388,E,4,33,0.5,147.3969,M,24.1329,M,1.4,1012*58
$GNTHS,261.5998,A*11
$GNTHS,261.5998,A*11
$GNTHS,261.5998,A*11
$GNTHS,261.5998,A*11
$GNRMC,023619.60,A,3708.81101066,N,12724.87836724,E,2.062,104.6,070826,8.4,W,R,S*5A
$GNGGA,023619.60,3708.81101066,N,12724.87836724,E,4,33,0.5,147.4039,M,24.1329,M,1.6,1012*57
$GNTHS,265.1972,A*15
$GNTHS,265.1972,A*15
$GNTHS,265.1972,A*15
$GNTHS,265.1972,A*15
$GNRMC,023619.80,A,3708.81103692,N,12724.87851827,E,2.291,71.4,070826,8.4,W,R,S*69
$GNGGA,023619.80,3708.81103692,N,12724.87851827,E,4,33,0.5,147.4194,M,24.1329,M,0.8,1012*52
$GNTHS,263.8837,A*1A
$GNTHS,263.8837,A*1A
$GNTHS,263.8837,A*1A
$GNTHS,263.8837,A*1A
$GNRMC,023620.00,A,3708.81104856,N,12724.87866313,E,2.015,82.9,070826,8.4,W,R,S*6D
$GNGGA,023620.00,3708.81104856,N,12724.87866313,E,4,33,0.5,147.3743,M,24.1329,M,1.0,1012*5B
$GNTHS,263.2692,A*11
$GNTHS,263.2692,A*11
$GNTHS,263.2692,A*11
$GNTHS,263.2692,A*11
$GNRMC,023620.20,A,3708.81105902,N,12724.87880484,E,1.966,88.8,070826,8.4,W,R,S*6A
$GNGGA,023620.20,3708.81105902,N,12724.87880484,E,4,32,0.6,147.3966,M,24.1329,M,1.2,1012*50
$GNTHS,261.5501,A*1D
$GNTHS,261.5501,A*1D
$GNTHS,261.5501,A*1D
$GNTHS,261.5501,A*1D
$GNRMC,023620.40,A,3708.81107615,N,12724.87894718,E,2.085,78.4,070826,8.4,W,R,S*60
$GNGGA,023620.40,3708.81107615,N,12724.87894718,E,4,32,0.6,147.4241,M,24.1329,M,1.4,1012*51
$GNTHS,259.7998,A*18
$GNTHS,259.7998,A*18
$GNTHS,259.7998,A*18
$GNTHS,259.7998,A*18
$GNRMC,023620.60,A,3708.81107542,N,12724.87908373,E,1.980,93.6,070826,8.4,W,R,S*66
$GNGGA,023620.60,3708.81107542,N,12724.87908373,E,4,31,0.6,147.4112,M,24.1330,M,1.6,1012*53
$GNTHS,260.3610,A*19
$GNTHS,260.3610,A*19
$GNTHS,260.3610,A*19
$GNTHS,260.3610,A*19
$GNRMC,023620.80,A,3708.81108134,N,12724.87922056,E,1.928,86.9,070826,8.4,W,R,S*67
$GNGGA,023620.80,3708.81108134,N,12724.87922056,E,4,31,0.6,147.4239,M,24.1330,M,0.8,1012*5E
$GNTHS,260.3249,A*11
$GNTHS,260.3249,A*11
$GNTHS,260.3249,A*11
$GNTHS,260.3249,A*11
$GNRMC,023621.00,A,3708.81109344,N,12724.87937671,E,2.422,79.6,070826,8.4,W,R,S*66
$GNGGA,023621.00,3708.81109344,N,12724.87937671,E,4,32,0.6,147.4210,M,24.1330,M,1.0,1012*55
$GNTHS,260.5611,A*1E
$GNTHS,260.5611,A*1E
$GNTHS,260.5611,A*1E
$GNTHS,260.5611,A*1E
$GNRMC,023621.20,A,3708.81107985,N,12724.87951865,E,2.175,102.0,070826,8.4,W,R,S*5A
$GNGGA,023621.20,3708.81107985,N,12724.87951865,E,4,34,0.5,147.3895,M,24.1330,M,1.2,1012*52
$GNTHS,261.7322,A*18
$GNTHS,261.7322,A*18
$GNTHS,261.7322,A*18
$GNTHS,261.7322,A*18
$GNRMC,023621.40,A,3708.81110272,N,12724.87965809,E,2.017,72.5,070826,8.4,W,R,S*62
$GNGGA,023621.40,3708.81110272,N,12724.87965809,E,4,34,0.5,147.3893,M,24.1330,M,1.4,1012*5C
$GNTHS,258.6295,A*1E
$GNTHS,258.6295,A*1E
$GNTHS,258.6295,A*1E
$GNTHS,258.6295,A*1E
$GNRMC,023621.60,A,3708.81111708,N,12724.87980560,E,2.114,79.6,070826,8.4,W,R,S*6A
$GNGGA,023621.60,3708.81111708,N,12724.87980560,E,4,33,0.5,147.4124,M,24.1330,M,0.6,1012*58
$GNTHS,257.1918,A*18
$GNTHS,257.1918,A*18
$GNTHS,257.1918,A*18
$GNTHS,257.1918,A*18
$GNRMC,023621.80,A,3708.81111943,N,12724.87994265,E,1.944,95.7,070826,8.4,W,R,S*6F
$GNGGA,023621.80,3708.81111943,N,12724.87994265,E,4,33,0.5,147.4147,M,24.1330,M,0.8,1012*5B
$GNTHS,258.3643,A*14
$GNTHS,258.3643,A*14
$GNTHS,258.3643,A*14
$GNTHS,258.3643,A*14
$GNRMC,023622.00,A,3708.81115189,N,12724.88007772,E,2.049,69.5,070826,8.4,W,R,S*67
$GNGGA,023622.00,3708.81115189,N,12724.88007772,E,4,33,0.5,147.4271,M,24.1330,M,1.0,1012*5A
$GNTHS,256.4149,A*10
$GNTHS,256.4149,A*10
$GNTHS,256.4149,A*10
$GNTHS,256.4149,A*10
$GNRMC,023622.20,A,3708.81116340,N,12724.88021780,E,2.146,80.6,070826,8.4,W,R,S*62
$GNGGA,023622.20,3708.81116340,N,12724.88021780,E,4,33,0.5,147.3881,M,24.1330,M,1.2,1012*55
$GNTHS,256.0938,A*1A
$GNTHS,256.0938,A*1A
$GNTHS,256.0938,A*1A
$GNTHS,256.0938,A*1A
$GNRMC,023622.40,A,3708.81117717,N,12724.88035172,E,1.857,85.6,070826,8.4,W,R,S*62
$GNGGA,023622.40,3708.81117717,N,12724.88035172,E,4,32,0.6,147.3852,M,24.1330,M,1.4,1012*50
$GNTHS,255.0688,A*1D
$GNTHS,255.0688,A*1D
$GNTHS,255.0688,A*1D
$GNTHS,255.0688,A*1D
$GNRMC,023622.60,A,3708.81121606,N,12724.88048678,E,2.031,64.3,070826,8.4,W,R,S*62
$GNGGA,023622.60,3708.81121606,N,12724.88048678,E,4,32,0.6,147.3834,M,24.1330,M,1.6,1012*53
$GNTHS,250.6080,A*10
$GNTHS,250.6080,A*10
$GNTHS,250.6080,A*10
$GNTHS,250.6080,A*10
$GNRMC,023622.80,A,3708.81123348,N,12724.88062687,E,2.145,83.1,070826,8.4,W,R,S*60
$GNGGA,023622.80,3708.81123348,N,12724.88062687,E,4,30,0.6,147.3785,M,24.1330,M,1.8,1012*51
$GNTHS,250.7272,A*1E
$GNTHS,250.7272,A*1E
$GNTHS,250.7272,A*1E
$GNTHS,250.7272,A*1E
$GNRMC,023623.00,A,3708.81124777,N,12724.88076422,E,2.060,87.4,070826,8.4,W,R,S*69
$GNGGA,023623.00,3708.81124777,N,12724.88076422,E,4,32,0.5,147.3877,M,24.1330,M,1.0,1012*54
$GNTHS,250.5703,A*1F
$GNTHS,250.5703,A*1F
$GNTHS,250.5703,A*1F
$GNTHS,250.5703,A*1F
$GNRMC,023623.20,A,3708.81128097,N,12724.88091362,E,2.269,71.7,070826,8.4,W,R,S*65
$GNGGA,023623.20,3708.81128097,N,12724.88091362,E,4,32,0.5,147.3881,M,24.1331,M,1.2,1012*53
$GNTHS,249.2740,A*17
$GNTHS,249.2740,A*17
$GNTHS,249.2740,A*17
$GNTHS,249.2740,A*17
$GNRMC,023623.40,A,3708.81129060,N,12724.88106130,E,2.154,85.4,070826,8.4,W,R,S*65
$GNGGA,023623.40,3708.81129060,N,12724.88106130,E,4,32,0.6,147.3722,M,24.1331,M,1.4,1012*55
$GNTHS,248.9146,A*1D
$GNTHS,248.9146,A*1D
$GNTHS,248.9146,A*1D
$GNTHS,248.9146,A*1D
$GNRMC,023623.60,A,3708.81132520,N,12724.88120633,E,2.091,71.8,070826,8.4,W,R,S*63
$GNGGA,023623.60,3708.81132520,N,12724.88120633,E,4,31,0.6,147.4081,M,24.1331,M,1.6,1012*54
$GNTHS,245.5197,A*10
$GNTHS,245.5197,A*10
$GNTHS,245.5197,A*10
$GNRMC,023623.80,A,3708.81135779,N,12724.88134675,E,2.177,71.4,070826,8.4,W,R,S*66
$GNGGA,023623.80,3708.81135779,N,12724.88134675,E,4,31,0.6,147.3875,M,24.1331,M,1.8,1012*5E
$GNTHS,243.0529,A*12
$GNTHS,243.0529,A*12
$GNTHS,243.0529,A*12
$GNTHS,243.0529,A*12
$GNRMC,023624.00,A,3708.81138733,N,12724.88148986,E,2.067,79.2,070826,8.4,W,R,S*6C
$GNGGA,023624.00,3708.81138733,N,12724.88148986,E,4,31,0.6,147.3900,M,24.1331,M,1.0,1012*51
$GNTHS,243.0210,A*1F
$GNTHS,243.0210,A*1F
$GNTHS,243.0210,A*1F
$GNRMC,023624.20,A,3708.81143350,N,12724.88162718,E,2.265,61.5,070826,8.4,W,R,S*6C
$GNGGA,023624.20,3708.81143350,N,12724.88162718,E,4,31,0.6,147.4026,M,24.1331,M,1.2,1012*57
$GNTHS,240.2964,A*16
$GNTHS,240.2964,A*16
$GNTHS,240.2964,A*16
$GNTHS,240.2964,A*16
$GNRMC,023624.40,A,3708.81147567,N,12724.88177395,E,2.259,72.7,070826,8.4,W,R,S*66
$GNGGA,023624.40,3708.81147567,N,12724.88177395,E,4,31,0.6,147.3676,M,24.1331,M,1.4,1012*50
$GNTHS,237.5725,A*1A
$GNTHS,237.5725,A*1A
$GNTHS,237.5725,A*1A
$GNTHS,237.5725,A*1A
$GNRMC,023624.60,A,3708.81151655,N,12724.88191067,E,2.013,67.7,070826,8.4,W,R,S*6F
$GNGGA,023624.60,3708.81151655,N,12724.88191067,E,4,31,0.6,147.3747,M,24.1331,M,1.6,1012*50
$GNTHS,234.9348,A*1A
$GNTHS,234.9348,A*1A
$GNTHS,234.9348,A*1A
$GNTHS,234.9348,A*1A
$GNRMC,023624.80,A,3708.81158772,N,12724.88204176,E,2.406,51.6,070826,8.4,W,R,S*66
$GNGGA,023624.80,3708.81158772,N,12724.88204176,E,4,31,0.6,147.3572,M,24.1331,M,0.8,1012*56
$GNTHS,229.7154,A*17
$GNTHS,229.7154,A*17
$GNTHS,229.7154,A*17
$GNTHS,229.7154,A*17
$GNRMC,023625.00,A,3708.81164050,N,12724.88218451,E,2.274,69.0,070826,8.4,W,R,S*64
$GNGGA,023625.00,3708.81164050,N,12724.88218451,E,4,31,0.6,147.3420,M,24.1331,M,1.0,1012*55
$GNTHS,228.8758,A*13
$GNTHS,228.8758,A*13
$GNTHS,228.8758,A*13
$GNTHS,228.8758,A*13
$GNRMC,023625.20,A,3708.81170131,N,12724.88232349,E,2.269,64.0,070826,8.4,W,R,S*62
$GNGGA,023625.20,3708.81170131,N,12724.88232349,E,4,30,0.6,147.3448,M,24.1331,M,1.2,1012*5F
$GNTHS,228.8179,A*16
$GNTHS,228.8179,A*16
$GNTHS,228.8179,A*16
$GNTHS,228.8179,A*16
$GNRMC,023625.40,A,3708.81177890,N,12724.88245421,E,2.520,49.0,070826,8.4,W,R,S*6D
$GNGGA,023625.40,3708.81177890,N,12724.88245421,E,4,30,0.6,147.3009,M,24.1331,M,1.4,1012*52
$GNTHS,226.5323,A*18
$GNTHS,226.5323,A*18
$GNTHS,226.5323,A*18
$GNTHS,226.5323,A*18
$GNRMC,023625.60,A,3708.81184379,N,12724.88258613,E,2.196,63.7,070826,8.4,W,R,S*66
$GNGGA,023625.60,3708.81184379,N,12724.88258613,E,4,30,0.6,147.2874,M,24.1331,M,0.6,1012*5F
$GNTHS,225.4933,A*11
$GNTHS,225.4933,A*11
$GNTHS,225.4933,A*11
$GNTHS,225.4933,A*11
$GNRMC,023625.80,A,3708.81193394,N,12724.88270645,E,2.449,47.3,070826,8.4,W,R,S*61
$GNGGA,023625.80,3708.81193394,N,12724.88270645,E,4,30,0.6,147.3084,M,24.1332,M,0.8,1012*56
$GNTHS,220.7703,A*1A
$GNTHS,220.7703,A*1A
$GNTHS,220.7703,A*1A
$GNTHS,220.7703,A*1A
$GNRMC,023626.00,A,3708.81201527,N,12724.88283381,E,2.446,48.7,070826,8.4,W,R,S*69
$GNGGA,023626.00,3708.81201527,N,12724.88283381,E,4,31,0.6,147.2784,M,24.1332,M,1.0,1012*54
$GNTHS,219.6396,A*19
$GNTHS,219.6396,A*19
$GNTHS,219.6396,A*19
$GNTHS,219.6396,A*19
$GNRMC,023626.20,A,3708.81208864,N,12724.88296528,E,2.241,58.5,070826,8.4,W,R,S*6B
$GNGGA,023626.20,3708.81208864,N,12724.88296528,E,4,31,0.6,147.3017,M,24.1332,M,1.2,1012*5A
$GNTHS,221.2493,A*14
$GNTHS,221.2493,A*14
$GNTHS,221.2493,A*14
$GNTHS,221.2493,A*14
$GNRMC,023626.40,A,3708.81217907,N,12724.88309529,E,2.470,46.3,070826,8.4,W,R,S*6C
$GNGGA,023626.40,3708.81217907,N,12724.88309529,E,4,32,0.5,147.3280,M,24.1332,M,1.4,1012*5A
$GNTHS,220.7629,A*13
$GNTHS,220.7629,A*13
$GNTHS,220.7629,A*13
$GNTHS,220.7629,A*13
$GNRMC,023626.60,A,3708.81224713,N,12724.88322055,E,2.138,55.6,070826,8.4,W,R,S*6C
$GNGGA,023626.60,3708.81224713,N,12724.88322055,E,4,31,0.6,147.3182,M,24.1332,M,1.6,1012*57
$GNTHS,220.5080,A*14
$GNTHS,220.5080,A*14
$GNTHS,220.5080,A*14
$GNTHS,220.5080,A*14
$GNRMC,023626.80,A,3708.81233272,N,12724.88332593,E,2.165,40.8,070826,8.4,W,R,S*6A
$GNGGA,023626.80,3708.81233272,N,12724.88332593,E,4,32,0.5,147.3683,M,24.1332,M,0.8,1012*5A
$GNTHS,216.3975,A*14
$GNTHS,216.3975,A*14
$GNTHS,216.3975,A*14
$GNTHS,216.3975,A*14
$GNRMC,023627.00,A,3708.81242140,N,12724.88343200,E,2.275,41.3,070826,8.4,W,R,S*64
$GNGGA,023627.00,3708.81242140,N,12724.88343200,E,4,32,0.5,147.3691,M,24.1332,M,1.0,1012*56
$GNTHS,213.9204,A*16
$GNTHS,213.9204,A*16
$GNTHS,213.9204,A*16
$GNTHS,213.9204,A*16
$GNRMC,023627.20,A,3708.81250242,N,12724.88354126,E,2.228,54.8,070826,8.4,W,R,S*62
$GNGGA,023627.20,3708.81250242,N,12724.88354126,E,4,35,0.5,147.3349,M,24.1332,M,1.2,1012*52
$GNTHS,214.4937,A*17
$GNTHS,214.4937,A*17
$GNTHS,214.4937,A*17
$GNTHS,214.4937,A*17
$GNRMC,023627.40,A,3708.81259801,N,12724.88364053,E,2.210,37.5,070826,8.4,W,R,S*63
$GNGGA,023627.40,3708.81259801,N,12724.88364053,E,4,32,0.5,147.3616,M,24.1332,M,1.4,1012*5E
$GNTHS,213.0523,A*1D
$GNTHS,213.0523,A*1D
$GNTHS,213.0523,A*1D
$GNTHS,213.0523,A*1D
$GNRMC,023627.60,A,3708.81268190,N,12724.88375067,E,2.252,48.3,070826,8.4,W,R,S*6D
$GNGGA,023627.60,3708.81268190,N,12724.88375067,E,4,31,0.6,147.3055,M,24.1332,M,1.6,1012*5B
$GNTHS,213.1520,A*1F
$GNTHS,213.1520,A*1F
$GNTHS,213.1520,A*1F
$GNTHS,213.1520,A*1F
$GNRMC,023627.80,A,3708.81276078,N,12724.88385493,E,2.019,48.3,070826,8.4,W,R,S*66
$GNGGA,023627.80,3708.81276078,N,12724.88385493,E,4,32,0.5,147.3164,M,24.1332,M,0.8,1012*51
$GNTHS,210.9136,A*17
$GNTHS,210.9136,A*17
$GNTHS,210.9136,A*17
$GNTHS,210.9136,A*17
$GNRMC,023628.00,A,3708.81286756,N,12724.88393323,E,2.286,22.2,070826,8.4,W,R,S*67
$GNGGA,023628.00,3708.81286756,N,12724.88393323,E,4,33,0.5,147.3462,M,24.1332,M,1.0,1012*52
$GNTHS,206.5145,A*18
$GNTHS,206.5145,A*18
$GNTHS,206.5145,A*18
$GNTHS,206.5145,A*18
$GNRMC,023628.20,A,3708.81295157,N,12724.88402890,E,2.183,42.0,070826,8.4,W,R,S*6E
$GNGGA,023628.20,3708.81295157,N,12724.88402890,E,4,32,0.5,147.3371,M,24.1332,M,1.2,1012*5F
$GNTHS,205.3480,A*11
$GNTHS,205.3480,A*11
$GNTHS,205.3480,A*11
$GNTHS,205.3480,A*11
$GNRMC,023628.40,A,3708.81304749,N,12724.88412992,E,2.259,44.7,070826,8.4,W,R,S*6F
$GNGGA,023628.40,3708.81304749,N,12724.88412992,E,4,31,0.6,147.3562,M,24.1332,M,1.4,1012*59
$GNTHS,205.4716,A*1A
$GNTHS,205.4716,A*1A
$GNTHS,205.4716,A*1A
$GNRMC,023628.60,A,3708.81315959,N,12724.88421686,E,2.484,28.4,070826,8.4,W,R,S*67
$GNGGA,023628.60,3708.81315959,N,12724.88421686,E,4,31,0.6,147.3358,M,24.1332,M,1.6,1012*53
$GNTHS,203.4037,A*18
$GNTHS,203.4037,A*18
$GNTHS,203.4037,A*18
$GNTHS,203.4037,A*18
$GNRMC,023628.80,A,3708.81324940,N,12724.88432019,E,2.163,45.3,070826,8.4,W,R,S*61
$GNGGA,023628.80,3708.81324940,N,12724.88432019,E,4,32,0.5,147.3119,M,24.1332,M,0.8,1012*5D
$GNTHS,203.6676,A*19
$GNTHS,203.6676,A*19
$GNTHS,203.6676,A*19
$GNTHS,203.6676,A*19
$GNRMC,023629.00,A,3708.81335622,N,12724.88439607,E,2.121,24.0,070826,8.4,W,R,S*63
$GNGGA,023629.00,3708.81335622,N,12724.88439607,E,4,33,0.5,147.3476,M,24.1332,M,1.0,1012*59
$GNTHS,200.7938,A*1E
$GNTHS,200.7938,A*1E
$GNTHS,200.7938,A*1E
$GNTHS,200.7938,A*1E
$GNRMC,023629.20,A,3708.81346779,N,12724.88447010,E,2.464,24.5,070826,8.4,W,R,S*62
$GNGGA,023629.20,3708.81346779,N,12724.88447010,E,4,34,0.5,147.3241,M,24.1332,M,1.2,1012*5E
$GNTHS,198.2103,A*19
$GNTHS,198.2103,A*19
$GNTHS,198.2103,A*19
$GNTHS,198.2103,A*19
$GNRMC,023629.40,A,3708.81357742,N,12724.88457080,E,2.465,43.5,070826,8.4,W,R,S*64
$GNGGA,023629.40,3708.81357742,N,12724.88457080,E,4,33,0.5,147.3254,M,24.1333,M,1.4,1012*5C
$GNTHS,199.3485,A*12
$GNTHS,199.3485,A*12
$GNTHS,199.3485,A*12
$GNTHS,199.3485,A*12
$GNRMC,023629.60,A,3708.81369451,N,12724.88465116,E,2.368,26.3,070826,8.4,W,R,S*6A
$GNGGA,023629.60,3708.81369451,N,12724.88465116,E,4,32,0.5,147.3305,M,24.1333,M,1.6,1012*5B
$GNTHS,198.3418,A*17
$GNTHS,198.3418,A*17
$GNTHS,198.3418,A*17
$GNTHS,198.3418,A*17
$GNRMC,023629.80,A,3708.81380538,N,12724.88474413,E,2.331,32.8,070826,8.4,W,R,S*6F
$GNGGA,023629.80,3708.81380538,N,12724.88474413,E,4,32,0.5,147.2888,M,24.1333,M,1.8,1012*5D
$GNTHS,196.2478,A*1E
$GNTHS,196.2478,A*1E
$GNTHS,196.2478,A*1E
$GNTHS,196.2478,A*1E
$GNRMC,023630.00,A,3708.81390838,N,12724.88482313,E,2.143,33.0,070826,8.4,W,R,S*63
$GNGGA,023630.00,3708.81390838,N,12724.88482313,E,4,32,0.5,147.3109,M,24.1333,M,1.0,1012*56
$GNTHS,196.8390,A*15
$GNTHS,196.8390,A*15
$GNTHS,196.8390,A*15
$GNTHS,196.8390,A*15
$GNRMC,023630.20,A,3708.81402552,N,12724.88488441,E,2.312,16.7,070826,8.4,W,R,S*60
$GNGGA,023630.20,3708.81402552,N,12724.88488441,E,4,31,0.6,147.3404,M,24.1333,M,1.2,1012*59
$GNTHS,194.3649,A*1D
$GNTHS,194.3649,A*1D
$GNTHS,194.3649,A*1D
$GNTHS,194.3649,A*1D
$GNRMC,023630.40,A,3708.81412883,N,12724.88496531,E,2.251,35.1,070826,8.4,W,R,S*6E
$GNGGA,023630.40,3708.81412883,N,12724.88496531,E,4,32,0.5,147.3387,M,24.1333,M,1.4,1012*5C
$GNTHS,194.5857,A*1A
$GNTHS,194.5857,A*1A
$GNTHS,194.5857,A*1A
$GNTHS,194.5857,A*1A
$GNRMC,023630.60,A,3708.81423573,N,12724.88504612,E,2.165,33.3,070826,8.4,W,R,S*64
$GNGGA,023630.60,3708.81423573,N,12724.88504612,E,4,31,0.6,147.3904,M,24.1333,M,1.6,1012*55
$GNTHS,195.4362,A*17
$GNTHS,195.4362,A*17
$GNTHS,195.4362,A*17
$GNTHS,195.4362,A*17
$GNRMC,023630.80,A,3708.81434615,N,12724.88511523,E,2.398,22.2,070826,8.4,W,R,S*6B
$GNGGA,023630.80,3708.81434615,N,12724.88511523,E,4,33,0.5,147.3841,M,24.1333,M,1.8,1012*54
$GNTHS,194.0454,A*10
$GNTHS,194.0454,A*10
$GNTHS,194.0454,A*10
$GNTHS,194.0454,A*10
$GNRMC,023631.00,A,3708.81444997,N,12724.88518964,E,2.194,29.9,070826,8.4,W,R,S*68
$GNGGA,023631.00,3708.81444997,N,12724.88518964,E,4,33,0.5,147.3682,M,24.1333,M,1.0,1012*50
$GNTHS,194.4650,A*12
$GNTHS,194.4650,A*12
$GNTHS,194.4650,A*12
$GNTHS,194.4650,A*12
$GNRMC,023631.20,A,3708.81457755,N,12724.88523381,E,2.177,14.9,070826,8.4,W,R,S*62
$GNGGA,023631.20,3708.81457755,N,12724.88523381,E,4,32,0.5,147.3554,M,24.1333,M,1.2,1012*52
$GNTHS,190.8768,A*10
$GNTHS,190.8768,A*10
$GNTHS,190.8768,A*10
$GNTHS,190.8768,A*10
$GNRMC,023631.40,A,3708.81469983,N,12724.88529609,E,2.399,23.3,070826,8.4,W,R,S*6F
$GNGGA,023631.40,3708.81469983,N,12724.88529609,E,4,32,0.6,147.3197,M,24.1333,M,1.4,1012*5D
$GNTHS,190.5169,A*1A
$GNTHS,190.5169,A*1A
$GNTHS,190.5169,A*1A
$GNTHS,190.5169,A*1A
$GNRMC,023631.60,A,3708.81481027,N,12724.88536440,E,2.239,28.5,070826,8.4,W,R,S*6B
$GNGGA,023631.60,3708.81481027,N,12724.88536440,E,4,32,0.6,147.3282,M,24.1333,M,0.6,1012*5B
$GNTHS,191.0747,A*14
$GNTHS,191.0747,A*14
$GNTHS,191.0747,A*14
$GNRMC,023631.80,A,3708.81493289,N,12724.88542316,E,2.402,17.2,070826,8.4,W,R,S*62
$GNGGA,023631.80,3708.81493289,N,12724.88542316,E,4,31,0.6,147.3509,M,24.1333,M,0.8,1012*5E
$GNTHS,190.1920,A*1B
$GNTHS,190.1920,A*1B
$GNTHS,190.1920,A*1B
$GNTHS,190.1920,A*1B
$GNRMC,023632.00,A,3708.81504658,N,12724.88549420,E,2.335,27.7,070826,8.4,W,R,S*62
$GNGGA,023632.00,3708.81504658,N,12724.88549420,E,4,30,0.6,147.3112,M,24.1333,M,1.0,1012*5D
$GNTHS,190.2751,A*10
$GNTHS,190.2751,A*10
$GNTHS,190.2751,A*10
$GNTHS,190.2751,A*10
$GNRMC,023632.20,A,3708.81516623,N,12724.88553999,E,2.163,10.0,070826,8.4,W,R,S*69
$GNGGA,023632.20,3708.81516623,N,12724.88553999,E,4,29,0.6,147.3246,M,24.1333,M,1.2,1012*5C
$GNTHS,187.1068,A*18
$GNTHS,187.1068,A*18
$GNTHS,187.1068,A*18
$GNTHS,187.1068,A*18
$GNRMC,023632.40,A,3708.81529604,N,12724.88557570,E,2.495,10.3,070826,8.4,W,R,S*66
$GNGGA,023632.40,3708.81529604,N,12724.88557570,E,4,29,0.6,147.3277,M,24.1333,M,1.4,1012*58
$GNTHS,184.6210,A*11
$GNTHS,184.6210,A*11
$GNTHS,184.6210,A*11
$GNTHS,184.6210,A*11
$GNRMC,023632.60,A,3708.81541609,N,12724.88563139,E,2.305,26.0,070826,8.4,W,R,S*61
$GNGGA,023632.60,3708.81541609,N,12724.88563139,E,4,29,0.6,147.3263,M,24.1333,M,0.6,1012*51
$GNTHS,186.8598,A*1A
$GNTHS,186.8598,A*1A
$GNTHS,186.8598,A*1A
$GNTHS,186.8598,A*1A
$GNRMC,023632.80,A,3708.81554521,N,12724.88566561,E,2.357,10.0,070826,8.4,W,R,S*6C
$GNGGA,023632.80,3708.81554521,N,12724.88566561,E,4,30,0.6,147.3357,M,24.1333,M,0.8,1012*5E
$GNTHS,187.9725,A*1E
$GNTHS,187.9725,A*1E
$GNTHS,187.9725,A*1E
$GNTHS,187.9725,A*1E
$GNRMC,023633.00,A,3708.81567665,N,12724.88569476,E,2.372,8.8,070826,8.4,W,R,S*58
$GNGGA,023633.00,3708.81567665,N,12724.88569476,E,4,30,0.6,147.2879,M,24.1333,M,1.0,1012*53
$GNTHS,184.8065,A*1F
$GNTHS,184.8065,A*1F
$GNTHS,184.8065,A*1F
$GNTHS,184.8065,A*1F
$GNRMC,023633.20,A,3708.81578778,N,12724.88572271,E,2.160,11.4,070826,8.4,W,R,S*67
$GNGGA,023633.20,3708.81578778,N,12724.88572271,E,4,31,0.6,147.2943,M,24.1333,M,1.2,1012*52
$GNTHS,183.7110,A*14
$GNTHS,183.7110,A*14
$GNTHS,183.7110,A*14
$GNTHS,183.7110,A*14
$GNRMC,023633.40,A,3708.81591759,N,12724.88574240,E,2.366,5.5,070826,8.4,W,R,S*51
$GNGGA,023633.40,3708.81591759,N,12724.88574240,E,4,31,0.6,147.3043,M,24.1333,M,1.4,1012*5A
$GNTHS,181.5953,A*1B
$GNTHS,181.5953,A*1B
$GNTHS,181.5953,A*1B
$GNTHS,181.5953,A*1B
$GNRMC,023633.60,A,3708.81604591,N,12724.88578117,E,2.374,15.1,070826,8.4,W,R,S*61
$GNGGA,023633.60,3708.81604591,N,12724.88578117,E,4,31,0.6,147.2858,M,24.1333,M,0.6,1012*5C
$GNTHS,180.6351,A*11
$GNTHS,180.6351,A*11
$GNTHS,180.6351,A*11
$GNTHS,180.6351,A*11
$GNRMC,023633.80,A,3708.81617601,N,12724.88581962,E,2.443,14.7,070826,8.4,W,R,S*6F
$GNGGA,023633.80,3708.81617601,N,12724.88581962,E,4,31,0.6,147.3001,M,24.1333,M,0.8,1012*5D
$GNTHS,181.4861,A*1A
$GNTHS,181.4861,A*1A
$GNTHS,181.4861,A*1A
$GNTHS,181.4861,A*1A
$GNRMC,023634.00,A,3708.81631452,N,12724.88586444,E,2.633,14.0,070826,8.4,W,R,S*6C
$GNGGA,023634.00,3708.81631452,N,12724.88586444,E,4,32,0.6,147.2629,M,24.1333,M,1.0,1012*5B
$GNTHS,179.9498,A*1A
$GNTHS,179.9498,A*1A
$GNTHS,179.9498,A*1A
$GNTHS,179.9498,A*1A
$GNRMC,023634.20,A,3708.81644773,N,12724.88590808,E,2.289,18.0,070826,8.4,W,R,S*66
$GNGGA,023634.20,3708.81644773,N,12724.88590808,E,4,32,0.6,147.2970,M,24.1333,M,1.2,1012*59
$GNTHS,180.3483,A*1C
$GNTHS,180.3483,A*1C
$GNTHS,180.3483,A*1C
$GNTHS,180.3483,A*1C
$GNRMC,023634.40,A,3708.81658127,N,12724.88592317,E,2.329,0.0,070826,8.4,W,R,S*5F
$GNGGA,023634.40,3708.81658127,N,12724.88592317,E,4,31,0.6,147.3139,M,24.1333,M,1.4,1012*53
$GNTHS,176.4621,A*18
$GNTHS,176.4621,A*18
$GNTHS,176.4621,A*18
$GNTHS,176.4621,A*18
$GNRMC,023634.60,A,3708.81671029,N,12724.88595622,E,2.432,10.1,070826,8.4,W,R,S*60
$GNGGA,023634.60,3708.81671029,N,12724.88595622,E,4,31,0.6,147.3012,M,24.1333,M,1.6,1012*5B
$GNTHS,176.9441,A*11
$GNTHS,176.9441,A*11
$GNTHS,176.9441,A*11
$GNTHS,176.9441,A*11
$GNRMC,023634.80,A,3708.81683861,N,12724.88599108,E,2.316,16.7,070826,8.4,W,R,S*65
$GNGGA,023634.80,3708.81683861,N,12724.88599108,E,4,32,0.6,147.3195,M,24.1333,M,0.8,1012*5D
$GNTHS,177.7584,A*16
$GNTHS,177.7584,A*16
$GNTHS,177.7584,A*16
$GNTHS,177.7584,A*16
$GNRMC,023635.00,A,3708.81697468,N,12724.88602427,E,2.536,8.5,070826,8.4,W,R,S*5C
$GNGGA,023635.00,3708.81697468,N,12724.88602427,E,4,32,0.6,147.3156,M,24.1333,M,1.0,1012*5B
$GNTHS,177.1080,A*11
$GNTHS,177.1080,A*11
$GNTHS,177.1080,A*11
$GNTHS,177.1080,A*11
$GNRMC,023635.20,A,3708.81710033,N,12724.88607458,E,2.360,18.9,070826,8.4,W,R,S*6F
$GNGGA,023635.20,3708.81710033,N,12724.88607458,E,4,32,0.6,147.2972,M,24.1333,M,1.2,1012*5D
$GNTHS,178.1008,A*1E
$GNTHS,178.1008,A*1E
$GNTHS,178.1008,A*1E
$GNTHS,178.1008,A*1E
$GNRMC,023635.40,A,3708.81722629,N,12724.88608991,E,2.201,2.6,070826,8.4,W,R,S*50
$GNGGA,023635.40,3708.81722629,N,12724.88608991,E,4,31,0.6,147.3215,M,24.1333,M,1.4,1012*5E
$GNTHS,176.3636,A*19
$GNTHS,176.3636,A*19
$GNTHS,176.3636,A*19
$GNTHS,176.3636,A*19
$GNRMC,023635.60,A,3708.81736124,N,12724.88610083,E,2.525,2.5,070826,8.4,W,R,S*5C
$GNGGA,023635.60,3708.81736124,N,12724.88610083,E,4,32,0.5,147.2938,M,24.1333,M,1.6,1012*57
$GNTHS,174.3575,A*1F
$GNTHS,174.3575,A*1F
$GNTHS,174.3575,A*1F
$GNTHS,174.3575,A*1F
$GNRMC,023635.80,A,3708.81749093,N,12724.88613180,E,2.367,13.8,070826,8.4,W,R,S*6B
$GNGGA,023635.80,3708.81749093,N,12724.88613180,E,4,32,0.5,147.2724,M,24.1333,M,1.8,1012*50
$GNTHS,175.7919,A*1C
$GNTHS,175.7919,A*1C
$GNTHS,175.7919,A*1C
$GNTHS,175.7919,A*1C
$GNRMC,023636.00,A,3708.81762394,N,12724.88614255,E,2.433,3.6,070826,8.4,W,R,S*58
$GNGGA,023636.00,3708.81762394,N,12724.88614255,E,4,33,0.5,147.2721,M,24.1333,M,1.0,1012*56
$GNTHS,175.3470,A*1A
$GNTHS,175.3470,A*1A
$GNTHS,175.3470,A*1A
$GNTHS,175.3470,A*1A
$GNRMC,023636.20,A,3708.81775174,N,12724.88617205,E,2.284,11.1,070826,8.4,W,R,S*68
$GNGGA,023636.20,3708.81775174,N,12724.88617205,E,4,32,0.6,147.2509,M,24.1333,M,1.2,1012*50
$GNTHS,175.8054,A*13
$GNTHS,175.8054,A*13
$GNTHS,175.8054,A*13
$GNTHS,175.8054,A*13
$GNRMC,023636.40,A,3708.81786350,N,12724.88619019,E,1.962,6.4,070826,8.4,W,R,S*54
$GNGGA,023636.40,3708.81786350,N,12724.88619019,E,4,33,0.5,147.2838,M,24.1333,M,1.4,1012*54
$GNTHS,175.9330,A*13
$GNTHS,175.9330,A*13
$GNTHS,175.9330,A*13
$GNTHS,175.9330,A*13
$GNRMC,023636.60,A,3708.81798541,N,12724.88619043,E,2.367,355.6,070826,8.4,W,R,S*5B
$GNGGA,023636.60,3708.81798541,N,12724.88619043,E,4,32,0.5,147.2862,M,24.1333,M,1.6,1012*5C
$GNTHS,172.3903,A*14
$GNTHS,172.3903,A*14
$GNTHS,172.3903,A*14
$GNTHS,172.3903,A*14
$GNRMC,023636.80,A,3708.81810900,N,12724.88622349,E,2.398,16.3,070826,8.4,W,R,S*63
$GNGGA,023636.80,3708.81810900,N,12724.88622349,E,4,32,0.6,147.2520,M,24.1333,M,1.8,1012*53
$GNTHS,172.6042,A*1D
$GNTHS,172.6042,A*1D
$GNTHS,172.6042,A*1D
$GNTHS,172.6042,A*1D
$GNRMC,023637.00,A,3708.81823970,N,12724.88624705,E,2.347,8.6,070826,8.4,W,R,S*5F
$GNGGA,023637.00,3708.81823970,N,12724.88624705,E,4,33,0.5,147.2798,M,24.1333,M,1.0,1012*5C
$GNTHS,175.1350,A*1D
$GNTHS,175.1350,A*1D
$GNTHS,175.1350,A*1D
$GNTHS,175.1350,A*1D
$GNRMC,023637.20,A,3708.81837788,N,12724.88626381,E,2.415,2.5,070826,8.4,W,R,S*52
$GNGGA,023637.20,3708.81837788,N,12724.88626381,E,4,31,0.6,147.3325,M,24.1333,M,1.2,1012*58
$GNTHS,174.3498,A*1D
$GNTHS,174.3498,A*1D
$GNTHS,174.3498,A*1D
$GNTHS,174.3498,A*1D
$GNRMC,023637.40,A,3708.81849782,N,12724.88628892,E,2.154,14.6,070826,8.4,W,R,S*64
$GNGGA,023637.40,3708.81849782,N,12724.88628892,E,4,33,0.5,147.3085,M,24.1333,M,1.4,1012*54
$GNTHS,175.6949,A*18
$GNTHS,175.6949,A*18
$GNTHS,175.6949,A*18
$GNTHS,175.6949,A*18
$GNRMC,023637.60,A,3708.81862610,N,12724.88628672,E,2.369,354.7,070826,8.4,W,R,S*5F
$GNGGA,023637.60,3708.81862610,N,12724.88628672,E,4,34,0.5,147.3264,M,24.1333,M,0.6,1012*5C
$GNTHS,173.4029,A*13
$GNTHS,173.4029,A*13
$GNTHS,173.4029,A*13
$GNTHS,173.4029,A*13
$GNRMC,023637.80,A,3708.81875712,N,12724.88628905,E,2.511,358.8,070826,8.4,W,R,S*51
$GNGGA,023637.80,3708.81875712,N,12724.88628905,E,4,35,0.5,147.2639,M,24.1333,M,0.8,1012*5A
$GNTHS,173.2737,A*1D
$GNTHS,173.2737,A*1D
$GNTHS,173.2737,A*1D
$GNTHS,173.2737,A*1D
$GNRMC,023638.00,A,3708.81888201,N,12724.88630478,E,2.163,8.7,070826,8.4,W,R,S*55
$GNGGA,023638.00,3708.81888201,N,12724.88630478,E,4,36,0.5,147.2873,M,24.1333,M,1.0,1012*5C
$GNTHS,176.1322,A*1B
$GNTHS,176.1322,A*1B
$GNTHS,176.1322,A*1B
$GNTHS,176.1322,A*1B
$GNRMC,023638.20,A,3708.81901900,N,12724.88630126,E,2.477,357.1,070826,8.4,W,R,S*5C
$GNGGA,023638.20,3708.81901900,N,12724.88630126,E,4,33,0.5,147.2882,M,24.1333,M,1.2,1012*53
$GNTHS,175.0258,A*15
$GNTHS,175.0258,A*15
$GNTHS,175.0258,A*15
$GNTHS,175.0258,A*15
$GNRMC,023638.40,A,3708.81915660,N,12724.88631841,E,2.424,8.1,070826,8.4,W,R,S*50
$GNGGA,023638.40,3708.81915660,N,12724.88631841,E,4,32,0.5,147.3408,M,24.1333,M,1.4,1012*58
$GNTHS,175.6012,A*1F
$GNTHS,175.6012,A*1F
$GNTHS,175.6012,A*1F
$GNTHS,175.6012,A*1F
$GNRMC,023638.60,A,3708.81929050,N,12724.88631654,E,2.330,358.9,070826,8.4,W,R,S*5E
$GNGGA,023638.60,3708.81929050,N,12724.88631654,E,4,32,0.5,147.3636,M,24.1333,M,0.6,1012*56
$GNTHS,174.8325,A*17
$GNTHS,174.8325,A*17
$GNTHS,174.8325,A*17
$GNTHS,174.8325,A*17
$GNRMC,023638.80,A,3708.81942941,N,12724.88631226,E,2.539,354.3,070826,8.4,W,R,S*5C
$GNGGA,023638.80,3708.81942941,N,12724.88631226,E,4,31,0.6,147.3423,M,24.1333,M,0.8,1012*55
$GNTHS,173.6881,A*1B
$GNTHS,173.6881,A*1B
$GNTHS,173.6881,A*1B
$GNTHS,173.6881,A*1B
$GNRMC,023639.00,A,3708.81956088,N,12724.88633212,E,2.443,12.0,070826,8.4,W,R,S*67
$GNGGA,023639.00,3708.81956088,N,12724.88633212,E,4,34,0.5,147.3305,M,24.1333,M,1.0,1012*5C
$GNTHS,176.6126,A*1A
$GNTHS,176.6126,A*1A
$GNTHS,176.6126,A*1A
$GNTHS,176.6126,A*1A
$GNRMC,023639.20,A,3708.81970502,N,12724.88633951,E,2.606,0.3,070826,8.4,W,R,S*59
$GNGGA,023639.20,3708.81970502,N,12724.88633951,E,4,35,0.5,147.3172,M,24.1333,M,1.2,1012*50
$GNTHS,176.7349,A*10
$GNTHS,176.7349,A*10
$GNTHS,176.7349,A*10
$GNTHS,176.7349,A*10
$GNRMC,023639.40,A,3708.81983747,N,12724.88635714,E,2.452,4.0,070826,8.4,W,R,S*5D
$GNGGA,023639.40,3708.81983747,N,12724.88635714,E,4,33,0.5,147.2765,M,24.1333,M,1.4,1012*51
$GNTHS,177.5604,A*1F
$GNTHS,177.5604,A*1F
$GNTHS,177.5604,A*1F
$GNTHS,177.5604,A*1F
$GNRMC,023639.60,A,3708.81996188,N,12724.88634961,E,2.055,355.2,070826,8.4,W,R,S*55
$GNGGA,023639.60,3708.81996188,N,12724.88634961,E,4,34,0.5,147.3326,M,24.1333,M,0.6,1012*59
$GNTHS,175.1534,A*19
$GNTHS,175.1534,A*19
$GNTHS,175.1534,A*19
$GNTHS,175.1534,A*19
$GNRMC,023639.80,A,3708.82009991,N,12724.88633483,E,2.616,354.2,070826,8.4,W,R,S*51
$GNGGA,023639.80,3708.82009991,N,12724.88633483,E,4,33,0.5,147.3275,M,24.1333,M,0.8,1012*53
$GNTHS,172.2039,A*15
$GNTHS,172.2039,A*15
$GNTHS,172.2039,A*15
$GNTHS,172.2039,A*15
$GNRMC,023640.00,A,3708.82024332,N,12724.88636053,E,2.677,15.1,070826,8.4,W,R,S*65
$GNGGA,023640.00,3708.82024332,N,12724.88636053,E,4,34,0.5,147.2858,M,24.1333,M,1.0,1012*5F
$GNTHS,176.8275,A*11
$GNTHS,176.8275,A*11
$GNTHS,176.8275,A*11
$GNTHS,176.8275,A*11
$GNRMC,023640.20,A,3708.82038225,N,12724.88635701,E,2.454,356.9,070826,8.4,W,R,S*51
$GNGGA,023640.20,3708.82038225,N,12724.88635701,E,4,35,0.5,147.2819,M,24.1333,M,1.2,1012*52
$GNTHS,174.9461,A*11
$GNTHS,174.9461,A*11
$GNTHS,174.9461,A*11
$GNTHS,174.9461,A*11
$GNRMC,023640.40,A,3708.82052458,N,12724.88637698,E,2.470,4.4,070826,8.4,W,R,S*5B
$GNGGA,023640.40,3708.82052458,N,12724.88637698,E,4,32,0.5,147.2662,M,24.1333,M,1.4,1012*54
$GNTHS,176.1312,A*18
$GNTHS,176.1312,A*18
$GNTHS,176.1312,A*18
$GNTHS,176.1312,A*18
$GNRMC,023640.60,A,3708.82065557,N,12724.88638766,E,2.370,6.1,070826,8.4,W,R,S*5C
$GNGGA,023640.60,3708.82065557,N,12724.88638766,E,4,31,0.6,147.2889,M,24.1333,M,1.6,1012*5A
$GNTHS,176.1157,A*1B
$GNTHS,176.1157,A*1B
$GNTHS,176.1157,A*1B
$GNTHS,176.1157,A*1B
$GNRMC,023640.80,A,3708.82079010,N,12724.88636693,E,2.517,346.6,070826,8.4,W,R,S*5B
$GNGGA,023640.80,3708.82079010,N,12724.88636693,E,4,32,0.5,147.2929,M,24.1333,M,0.8,1012*5E
$GNTHS,171.7324,A*1C
$GNTHS,171.7324,A*1C
$GNTHS,171.7324,A*1C
$GNTHS,171.7324,A*1C
$GNRMC,023641.00,A,3708.82091754,N,12724.88638611,E,2.327,9.1,070826,8.4,W,R,S*5D
$GNGGA,023641.00,3708.82091754,N,12724.88638611,E,4,32,0.5,147.2795,M,24.1333,M,1.0,1012*52
$GNTHS,174.3123,A*18
$GNTHS,174.3123,A*18
$GNTHS,174.3123,A*18
$GNTHS,174.3123,A*18
$GNRMC,023641.20,A,3708.82104545,N,12724.88639047,E,2.240,5.3,070826,8.4,W,R,S*5A
$GNGGA,023641.20,3708.82104545,N,12724.88639047,E,4,32,0.5,147.3285,M,24.1333,M,1.2,1012*5C
$GNTHS,174.8920,A*18
$GNTHS,174.8920,A*18
$GNTHS,174.8920,A*18
$GNTHS,174.8920,A*18
$GNRMC,023641.40,A,3708.82118357,N,12724.88639577,E,2.564,2.1,070826,8.4,W,R,S*56
$GNGGA,023641.40,3708.82118357,N,12724.88639577,E,4,31,0.6,147.2981,M,24.1333,M,1.4,1012*5C
$GNTHS,173.6794,A*10
$GNTHS,173.6794,A*10
$GNTHS,173.6794,A*10
$GNTHS,173.6794,A*10
$GNRMC,023641.60,A,3708.82131282,N,12724.88642561,E,2.260,15.3,070826,8.4,W,R,S*6A
$GNGGA,023641.60,3708.82131282,N,12724.88642561,E,4,31,0.6,147.3048,M,24.1333,M,1.6,1012*58
$GNTHS,174.4082,A*15
$GNTHS,174.4082,A*15
$GNTHS,174.4082,A*15
$GNTHS,174.4082,A*15
$GNRMC,023641.80,A,3708.82144094,N,12724.88641239,E,2.311,350.2,070826,8.4,W,R,S*5E
$GNGGA,023641.80,3708.82144094,N,12724.88641239,E,4,32,0.5,147.3208,M,24.1333,M,0.8,1012*51
$GNTHS,172.0093,A*17
$GNTHS,172.0093,A*17
$GNTHS,172.0093,A*17
$GNTHS,172.0093,A*17
$GNRMC,023642.00,A,3708.82157361,N,12724.88642318,E,2.395,3.7,070826,8.4,W,R,S*53
$GNGGA,023642.00,3708.82157361,N,12724.88642318,E,4,31,0.6,147.2739,M,24.1333,M,1.0,1012*5F
$GNTHS,174.0571,A*18
$GNTHS,174.0571,A*18
$GNTHS,174.0571,A*18
$GNTHS,174.0571,A*18
$GNRMC,023642.20,A,3708.82169911,N,12724.88643702,E,2.333,6.5,070826,8.4,W,R,S*54
$GNGGA,023642.20,3708.82169911,N,12724.88643702,E,4,32,0.5,147.3089,M,24.1333,M,1.2,1012*5C
$GNTHS,176.1892,A*1B
$GNTHS,176.1892,A*1B
$GNTHS,176.1892,A*1B
$GNTHS,176.1892,A*1B
$GNRMC,023642.40,A,3708.82183455,N,12724.88642936,E,2.569,353.5,070826,8.4,W,R,S*59
$GNGGA,023642.40,3708.82183455,N,12724.88642936,E,4,29,0.6,147.3123,M,24.1333,M,1.4,1012*55
$GNTHS,174.1449,A*13
$GNTHS,174.1449,A*13
$GNTHS,174.1449,A*13
$GNTHS,174.1449,A*13
$GNRMC,023642.60,A,3708.82196537,N,12724.88643980,E,2.294,7.3,070826,8.4,W,R,S*57
$GNGGA,023642.60,3708.82196537,N,12724.88643980,E,4,29,0.6,147.2881,M,24.1333,M,1.6,1012*58
$GNTHS,175.6217,A*18
$GNTHS,175.6217,A*18
$GNTHS,175.6217,A*18
$GNTHS,175.6217,A*18
$GNRMC,023642.80,A,3708.82209278,N,12724.88642734,E,2.308,354.6,070826,8.4,W,R,S*54
$GNGGA,023642.80,3708.82209278,N,12724.88642734,E,4,29,0.6,147.3098,M,24.1333,M,1.8,1012*50
$GNTHS,174.2026,A*1D
$GNTHS,174.2026,A*1D
$GNTHS,174.2026,A*1D
$GNRMC,023643.00,A,3708.82221949,N,12724.88639780,E,2.552,343.9,070826,8.4,W,R,S*5D
$GNGGA,023643.00,3708.82221949,N,12724.88639780,E,4,31,0.6,147.3002,M,24.1333,M,2.0,1012*58
$GNTHS,172.0788,A*1A
$GNTHS,172.0788,A*1A
$GNTHS,172.0788,A*1A
$GNTHS,172.0788,A*1A
$GNRMC,023643.20,A,3708.82234577,N,12724.88640943,E,2.241,11.6,070826,8.4,W,R,S*6B
$GNGGA,023643.20,3708.82234577,N,12724.88640943,E,4,31,0.6,147.2937,M,24.1333,M,1.2,1012*5F
$GNTHS,175.6618,A*13
$GNTHS,175.6618,A*13
$GNTHS,175.6618,A*13
$GNTHS,175.6618,A*13
$GNRMC,023643.40,A,3708.82247878,N,12724.88639285,E,2.391,353.4,070826,8.4,W,R,S*5F
$GNGGA,023643.40,3708.82247878,N,12724.88639285,E,4,30,0.6,147.3030,M,24.1333,M,1.4,1012*58
$GNTHS,176.1902,A*13
$GNTHS,176.1902,A*13
$GNTHS,176.1902,A*13
$GNTHS,176.1902,A*13
$GNRMC,023643.60,A,3708.82260578,N,12724.88638367,E,2.280,355.2,070826,8.4,W,R,S*58
$GNGGA,023643.60,3708.82260578,N,12724.88638367,E,4,31,0.6,147.2623,M,24.1333,M,1.6,1012*58
$GNTHS,176.1071,A*1E
$GNTHS,176.1071,A*1E
$GNTHS,176.1071,A*1E
$GNTHS,176.1071,A*1E
$GNRMC,023643.80,A,3708.82272584,N,12724.88638172,E,2.120,0.6,070826,8.4,W,R,S*5E
$GNGGA,023643.80,3708.82272584,N,12724.88638172,E,4,31,0.6,147.3118,M,24.1333,M,0.8,1012*51
$GNTHS,175.8282,A*1A
$GNTHS,175.8282,A*1A
$GNTHS,175.8282,A*1A
$GNTHS,175.8282,A*1A
$GNRMC,023644.00,A,3708.82285971,N,12724.88635387,E,2.556,349.0,070826,8.4,W,R,S*57
$GNGGA,023644.00,3708.82285971,N,12724.88635387,E,4,30,0.6,147.3091,M,24.1333,M,1.0,1012*5D
$GNTHS,172.4983,A*1B
$GNTHS,172.4983,A*1B
$GNTHS,172.4983,A*1B
$GNTHS,172.4983,A*1B
$GNRMC,023644.20,A,3708.82298461,N,12724.88636592,E,2.343,8.3,070826,8.4,W,R,S*53
$GNGGA,023644.20,3708.82298461,N,12724.88636592,E,4,29,0.6,147.2717,M,24.1333,M,1.2,1012*5C
$GNTHS,175.1228,A*13
$GNTHS,175.1228,A*13
$GNTHS,175.1228,A*13
$GNTHS,175.1228,A*13
$GNRMC,023644.40,A,3708.82312540,N,12724.88638465,E,2.425,7.3,070826,8.4,W,R,S*5B
$GNGGA,023644.40,3708.82312540,N,12724.88638465,E,4,29,0.6,147.3091,M,24.1333,M,1.4,1012*52
$GNTHS,177.9419,A*1D
$GNTHS,177.9419,A*1D
$GNTHS,177.9419,A*1D
$GNTHS,177.9419,A*1D
$GNRMC,023644.60,A,3708.82326967,N,12724.88638069,E,2.652,355.4,070826,8.4,W,R,S*5E
$GNGGA,023644.60,3708.82326967,N,12724.88638069,E,4,30,0.6,147.2788,M,24.1333,M,1.6,1012*52
$GNTHS,176.7006,A*18
$GNTHS,176.7006,A*18
$GNTHS,176.7006,A*18
$GNTHS,176.7006,A*18
$GNRMC,023644.80,A,3708.82339469,N,12724.88638574,E,2.145,1.4,070826,8.4,W,R,S*57
$GNGGA,023644.80,3708.82339469,N,12724.88638574,E,4,30,0.6,147.2578,M,24.1333,M,0.8,1012*5A
$GNTHS,175.9381,A*19
$GNTHS,175.9381,A*19
$GNTHS,175.9381,A*19
$GNTHS,175.9381,A*19
$GNRMC,023645.00,A,3708.82353048,N,12724.88636936,E,2.430,352.0,070826,8.4,W,R,S*57
$GNGGA,023645.00,3708.82353048,N,12724.88636936,E,4,28,0.6,147.2861,M,24.1333,M,1.0,1012*59
$GNTHS,172.6374,A*1B
$GNTHS,172.6374,A*1B
$GNTHS,172.6374,A*1B
$GNTHS,172.6374,A*1B
$GNRMC,023645.20,A,3708.82366162,N,12724.88637101,E,2.611,2.0,070826,8.4,W,R,S*50
$GNGGA,023645.20,3708.82366162,N,12724.88637101,E,4,28,0.6,147.2404,M,24.1333,M,1.2,1012*54
$GNTHS,172.7209,A*11
$GNTHS,172.7209,A*11
$GNTHS,172.7209,A*11
$GNTHS,172.7209,A*11
$GNRMC,023645.40,A,3708.82379838,N,12724.88638330,E,2.500,5.0,070826,8.4,W,R,S*55
$GNGGA,023645.40,3708.82379838,N,12724.88638330,E,4,28,0.6,147.2790,M,24.1333,M,1.4,1012*5D
$GNTHS,176.0436,A*18
$GNTHS,176.0436,A*18
$GNTHS,176.0436,A*18
$GNRMC,023645.60,A,3708.82393916,N,12724.88637689,E,2.533,356.6,070826,8.4,W,R,S*55
$GNGGA,023645.60,3708.82393916,N,12724.88637689,E,4,29,0.6,147.2859,M,24.1333,M,1.6,1012*57
$GNTHS,174.4304,A*18
$GNTHS,174.4304,A*18
$GNTHS,174.4304,A*18
$GNTHS,174.4304,A*18
$GNRMC,023645.80,A,3708.82406764,N,12724.88639140,E,2.298,2.3,070826,8.4,W,R,S*56
$GNGGA,023645.80,3708.82406764,N,12724.88639140,E,4,31,0.6,147.2674,M,24.1333,M,0.8,1012*52
$GNTHS,175.9341,A*15
$GNTHS,175.9341,A*15
$GNTHS,175.9341,A*15
$GNTHS,175.9341,A*15
$GNRMC,023646.00,A,3708.82420217,N,12724.88636496,E,2.393,348.4,070826,8.4,W,R,S*59
$GNGGA,023646.00,3708.82420217,N,12724.88636496,E,4,31,0.6,147.2953,M,24.1333,M,1.0,1012*5E
$GNTHS,173.2339,A*17
$GNTHS,173.2339,A*17
$GNTHS,173.2339,A*17
$GNTHS,173.2339,A*17
$GNRMC,023646.20,A,3708.82434229,N,12724.88634345,E,2.528,353.0,070826,8.4,W,R,S*50
$GNGGA,023646.20,3708.82434229,N,12724.88634345,E,4,28,0.6,147.3086,M,24.1333,M,1.2,1012*55
$GNTHS,172.1610,A*1B
$GNTHS,172.1610,A*1B
$GNTHS,172.1610,A*1B
$GNTHS,172.1610,A*1B
$GNRMC,023646.40,A,3708.82447700,N,12724.88634376,E,2.498,4.3,070826,8.4,W,R,S*54
$GNGGA,023646.40,3708.82447700,N,12724.88634376,E,4,29,0.6,147.3253,M,24.1333,M,1.4,1012*54
$GNTHS,174.8622,A*15
$GNTHS,174.8622,A*15
$GNTHS,174.8622,A*15
$GNTHS,174.8622,A*15
$GNRMC,023646.60,A,3708.82461741,N,12724.88633343,E,2.500,356.7,070826,8.4,W,R,S*56
$GNGGA,023646.60,3708.82461741,N,12724.88633343,E,4,29,0.6,147.3118,M,24.1333,M,1.6,1012*58
$GNTHS,176.0201,A*1A
$GNTHS,176.0201,A*1A
$GNTHS,176.0201,A*1A
$GNTHS,176.0201,A*1A
$GNRMC,023646.80,A,3708.82474781,N,12724.88633953,E,2.277,1.6,070826,8.4,W,R,S*5C
$GNGGA,023646.80,3708.82474781,N,12724.88633953,E,4,30,0.6,147.2896,M,24.1333,M,1.8,1012*5D
$GNTHS,175.8247,A*13
$GNTHS,175.8247,A*13
$GNTHS,175.8247,A*13
$GNTHS,175.8247,A*13
$GNRMC,023647.00,A,3708.82487106,N,12724.88632311,E,2.185,352.7,070826,8.4,W,R,S*57
$GNGGA,023647.00,3708.82487106,N,12724.88632311,E,4,30,0.6,147.3191,M,24.1333,M,1.0,1012*5B
$GNTHS,174.1510,A*1E
$GNTHS,174.1510,A*1E
$GNTHS,174.1510,A*1E
$GNTHS,174.1510,A*1E
$GNRMC,023647.20,A,3708.82500459,N,12724.88630361,E,2.523,351.3,070826,8.4,W,R,S*5E
$GNGGA,023647.20,3708.82500459,N,12724.88630361,E,4,29,0.6,147.3238,M,24.1333,M,1.2,1012*57
$GNTHS,173.4319,A*13
$GNTHS,173.4319,A*13
$GNTHS,173.4319,A*13
$GNTHS,173.4319,A*13
$GNRMC,023647.40,A,3708.82513151,N,12724.88631267,E,2.293,7.7,070826,8.4,W,R,S*59
$GNGGA,023647.40,3708.82513151,N,12724.88631267,E,4,29,0.6,147.2896,M,24.1333,M,1.4,1012*51
$GNTHS,175.4402,A*18
$GNTHS,175.4402,A*18
$GNTHS,175.4402,A*18
$GNTHS,175.4402,A*18
$GNRMC,023647.60,A,3708.82526030,N,12724.88630490,E,2.274,354.9,070826,8.4,W,R,S*56
$GNGGA,023647.60,3708.82526030,N,12724.88630490,E,4,30,0.6,147.3135,M,24.1333,M,1.6,1012*57
$GNTHS,175.3175,A*1A
$GNTHS,175.3175,A*1A
$GNTHS,175.3175,A*1A
$GNRMC,023647.80,A,3708.82539623,N,12724.88630046,E,2.455,356.9,070826,8.4,W,R,S*5A
$GNGGA,023647.80,3708.82539623,N,12724.88630046,E,4,30,0.6,147.2772,M,24.1333,M,1.8,1012*56
$GNTHS,174.8717,A*12
$GNTHS,174.8717,A*12
$GNTHS,174.8717,A*12
$GNTHS,174.8717,A*12
$GNRMC,023648.00,A,3708.82551902,N,12724.88630277,E,2.253,3.2,070826,8.4,W,R,S*57
$GNGGA,023648.00,3708.82551902,N,12724.88630277,E,4,30,0.6,147.2954,M,24.1333,M,1.0,1012*51
$GNTHS,174.8821,A*18
$GNTHS,174.8821,A*18
$GNTHS,174.8821,A*18
$GNTHS,174.8821,A*18
$GNRMC,023648.20,A,3708.82564826,N,12724.88628922,E,2.527,352.4,070826,8.4,W,R,S*53
$GNGGA,023648.20,3708.82564826,N,12724.88628922,E,4,29,0.6,147.3098,M,24.1333,M,1.2,1012*52
$GNTHS,173.3295,A*11
$GNTHS,173.3295,A*11
$GNTHS,173.3295,A*11
$GNTHS,173.3295,A*11
$GNRMC,023648.40,A,3708.82578187,N,12724.88629219,E,2.252,1.9,070826,8.4,W,R,S*55
$GNGGA,023648.40,3708.82578187,N,12724.88629219,E,4,29,0.6,147.2982,M,24.1333,M,1.4,1012*5C
$GNTHS,173.9070,A*12
$GNTHS,173.9070,A*12
$GNTHS,173.9070,A*12
$GNTHS,173.9070,A*12
$GNRMC,023648.60,A,3708.82591642,N,12724.88629467,E,2.377,2.3,070826,8.4,W,R,S*5E
$GNGGA,023648.60,3708.82591642,N,12724.88629467,E,4,29,0.6,147.3214,M,24.1333,M,0.6,1012*5E
$GNTHS,175.0060,A*1C
$GNTHS,175.0060,A*1C
$GNTHS,175.0060,A*1C
$GNTHS,175.0060,A*1C
$GNRMC,023648.80,A,3708.82605034,N,12724.88629620,E,2.403,359.1,070826,8.4,W,R,S*53
$GNGGA,023648.80,3708.82605034,N,12724.88629620,E,4,29,0.6,147.2978,M,24.1333,M,0.8,1012*56
$GNTHS,177.5551,A*1C
$GNTHS,177.5551,A*1C
$GNTHS,177.5551,A*1C
$GNTHS,177.5551,A*1C
$GNRMC,023649.00,A,3708.82617281,N,12724.88630805,E,2.009,6.3,070826,8.4,W,R,S*51
$GNGGA,023649.00,3708.82617281,N,12724.88630805,E,4,30,0.6,147.3074,M,24.1333,M,1.0,1012*54
$GNTHS,177.8578,A*1A
$GNTHS,177.8578,A*1A
$GNTHS,177.8578,A*1A
$GNTHS,177.8578,A*1A
$GNRMC,023649.20,A,3708.82630506,N,12724.88628637,E,2.429,349.4,070826,8.4,W,R,S*51
$GNGGA,023649.20,3708.82630506,N,12724.88628637,E,4,29,0.6,147.3261,M,24.1333,M,1.2,1012*51
$GNTHS,173.8164,A*17
$GNTHS,173.8164,A*17
$GNTHS,173.8164,A*17
$GNTHS,173.8164,A*17
$GNRMC,023649.40,A,3708.82644317,N,12724.88627887,E,2.396,0.4,070826,8.4,W,R,S*55
$GNGGA,023649.40,3708.82644317,N,12724.88627887,E,4,28,0.6,147.3326,M,24.1333,M,1.4,1012*5D
$GNTHS,174.6018,A*14
$GNTHS,174.6018,A*14
$GNTHS,174.6018,A*14
$GNTHS,174.6018,A*14
$GNRMC,023649.60,A,3708.82657480,N,12724.88628516,E,2.377,5.8,070826,8.4,W,R,S*50
$GNGGA,023649.60,3708.82657480,N,12724.88628516,E,4,29,0.6,147.3275,M,24.1333,M,0.6,1012*5B
$GNTHS,175.9033,A*13
$GNTHS,175.9033,A*13
$GNTHS,175.9033,A*13
$GNTHS,175.9033,A*13
$GNRMC,023649.80,A,3708.82671297,N,12724.88628577,E,2.693,359.0,070826,8.4,W,R,S*50
$GNGGA,023649.80,3708.82671297,N,12724.88628577,E,4,29,0.6,147.2904,M,24.1333,M,0.8,1012*54
$GNTHS,175.3138,A*13
$GNTHS,175.3138,A*13
$GNTHS,175.3138,A*13
$GNTHS,175.3138,A*13
$GNRMC,023650.00,A,3708.82683798,N,12724.88629061,E,2.244,4.1,070826,8.4,W,R,S*50
$GNGGA,023650.00,3708.82683798,N,12724.88629061,E,4,28,0.6,147.2631,M,24.1333,M,1.0,1012*51
$GNTHS,174.8481,A*1E
$GNTHS,174.8481,A*1E
$GNTHS,174.8481,A*1E
$GNTHS,174.8481,A*1E
$GNRMC,023650.20,A,3708.82696873,N,12724.88628719,E,2.186,353.6,070826,8.4,W,R,S*5E
$GNGGA,023650.20,3708.82696873,N,12724.88628719,E,4,26,0.6,147.3316,M,24.1333,M,1.2,1012*59
$GNTHS,173.1041,A*18
$GNTHS,173.1041,A*18
$GNTHS,173.1041,A*18
$GNTHS,173.1041,A*18
$GNRMC,023650.40,A,3708.82710427,N,12724.88627330,E,2.546,355.2,070826,8.4,W,R,S*50
$GNGGA,023650.40,3708.82710427,N,12724.88627330,E,4,26,0.6,147.2920,M,24.1333,M,1.4,1012*55
$GNTHS,172.0701,A*1B
$GNTHS,172.0701,A*1B
$GNTHS,172.0701,A*1B
$GNTHS,172.0701,A*1B
$GNRMC,023650.60,A,3708.82723556,N,12724.88628415,E,2.438,8.0,070826,8.4,W,R,S*5B
$GNGGA,023650.60,3708.82723556,N,12724.88628415,E,4,26,0.6,147.3017,M,24.1333,M,0.6,1012*50
$GNTHS,173.7370,A*1F
$GNTHS,173.7370,A*1F
$GNTHS,173.7370,A*1F
$GNTHS,173.7370,A*1F
$GNRMC,023650.80,A,3708.82737942,N,12724.88628039,E,2.607,359.5,070826,8.4,W,R,S*5F
$GNGGA,023650.80,3708.82737942,N,12724.88628039,E,4,26,0.6,147.3068,M,24.1333,M,0.8,1012*5E
$GNTHS,174.9605,A*11
$GNTHS,174.9605,A*11
$GNTHS,174.9605,A*11
$GNTHS,174.9605,A*11
$GNRMC,023651.00,A,3708.82751448,N,12724.88629641,E,2.430,5.9,070826,8.4,W,R,S*59
$GNGGA,023651.00,3708.82751448,N,12724.88629641,E,4,27,0.6,147.2656,M,24.1333,M,1.0,1012*5A
$GNTHS,175.5236,A*18
$GNTHS,175.5236,A*18
$GNTHS,175.5236,A*18
$GNTHS,175.5236,A*18
$GNRMC,023651.20,A,3708.82764343,N,12724.88629110,E,2.346,355.5,070826,8.4,W,R,S*5E
$GNGGA,023651.20,3708.82764343,N,12724.88629110,E,4,26,0.6,147.3106,M,24.1333,M,1.2,1012*51
$GNTHS,174.3747,A*1C
$GNTHS,174.3747,A*1C
$GNTHS,174.3747,A*1C
$GNTHS,174.3747,A*1C
$GNRMC,023651.40,A,3708.82777817,N,12724.88627331,E,2.580,350.4,070826,8.4,W,R,S*57
$GNGGA,023651.40,3708.82777817,N,12724.88627331,E,4,27,0.6,147.3114,M,24.1333,M,1.4,1012*54
$GNTHS,172.6833,A*13
$GNTHS,172.6833,A*13
$GNTHS,172.6833,A*13
$GNTHS,172.6833,A*13
$GNRMC,023651.60,A,3708.82791317,N,12724.88627230,E,2.365,5.1,070826,8.4,W,R,S*5D
$GNGGA,023651.60,3708.82791317,N,12724.88627230,E,4,28,0.6,147.2883,M,24.1333,M,1.6,1012*5E
$GNTHS,174.1894,A*1F
$GNTHS,174.1894,A*1F
$GNTHS,174.1894,A*1F
$GNTHS,174.1894,A*1F
$GNRMC,023651.80,A,3708.82805017,N,12724.88626753,E,2.436,358.3,070826,8.4,W,R,S*5B
$GNGGA,023651.80,3708.82805017,N,12724.88626753,E,4,29,0.6,147.2892,M,24.1333,M,0.8,1012*5E
$GNTHS,175.2372,A*1E
$GNTHS,175.2372,A*1E
$GNTHS,175.2372,A*1E
$GNTHS,175.2372,A*1E
$GNRMC,023652.00,A,3708.82818725,N,12724.88627234,E,2.193,1.3,070826,8.4,W,R,S*5A
$GNGGA,023652.00,3708.82818725,N,12724.88627234,E,4,29,0.6,147.2610,M,24.1333,M,1.0,1012*57
$GNTHS,175.6887,A*1B
$GNTHS,175.6887,A*1B
$GNTHS,175.6887,A*1B
$GNTHS,175.6887,A*1B
$GNRMC,023652.20,A,3708.82831396,N,12724.88626779,E,1.859,355.8,070826,8.4,W,R,S*57
$GNGGA,023652.20,3708.82831396,N,12724.88626779,E,4,28,0.6,147.3344,M,24.1333,M,1.2,1012*59
$GNTHS,174.0055,A*1B
$GNTHS,174.0055,A*1B
$GNTHS,174.0055,A*1B
$GNTHS,174.0055,A*1B
$GNRMC,023652.40,A,3708.82844525,N,12724.88624629,E,1.787,351.2,070826,8.4,W,R,S*59
$GNGGA,023652.40,3708.82844525,N,12724.88624629,E,4,28,0.6,147.3248,M,24.1333,M,1.4,1012*5E
$GNTHS,171.4349,A*14
$GNTHS,171.4349,A*14
$GNTHS,171.4349,A*14
$GNTHS,171.4349,A*14
$GNRMC,023652.60,A,3708.82856897,N,12724.88624066,E,1.773,2.6,070826,8.4,W,R,S*5B
$GNGGA,023652.60,3708.82856897,N,12724.88624066,E,4,28,0.6,147.2963,M,24.1333,M,1.6,1012*57
$GNTHS,171.6734,A*18
$GNTHS,171.6734,A*18
$GNTHS,171.6734,A*18
$GNTHS,171.6734,A*18
$GNRMC,023652.80,A,3708.82869862,N,12724.88622970,E,1.908,359.7,070826,8.4,W,R,S*55
$GNGGA,023652.80,3708.82869862,N,12724.88622970,E,4,28,0.6,147.3315,M,24.1333,M,1.8,1012*53
$GNTHS,171.5026,A*1F
$GNTHS,171.5026,A*1F
$GNTHS,171.5026,A*1F
$GNTHS,171.5026,A*1F
$GNRMC,023653.00,A,3708.82883300,N,12724.88621206,E,1.812,356.1,070826,8.4,W,R,S*5D
$GNGGA,023653.00,3708.82883300,N,12724.88621206,E,4,29,0.6,147.2951,M,24.1333,M,1.0,1012*5A
$GNTHS,168.5291,A*19
$GNTHS,168.5291,A*19
$GNTHS,168.5291,A*19
$GNTHS,168.5291,A*19
$GNRMC,023653.20,A,3708.82895780,N,12724.88620579,E,2.116,358.1,070826,8.4,W,R,S*5A
$GNGGA,023653.20,3708.82895780,N,12724.88620579,E,4,29,0.6,147.2820,M,24.1333,M,1.2,1012*58
$GNTHS,167.3377,A*19
$GNTHS,167.3377,A*19
$GNTHS,167.3377,A*19
$GNTHS,167.3377,A*19
$GNRMC,023653.40,A,3708.82908792,N,12724.88616983,E,2.174,348.9,070826,8.4,W,R,S*5B
$GNGGA,023653.40,3708.82908792,N,12724.88616983,E,4,27,0.6,147.3768,M,24.1333,M,1.4,1012*5E
$GNTHS,164.6016,A*1B
$GNTHS,164.6016,A*1B
$GNTHS,164.6016,A*1B
$GNTHS,164.6016,A*1B
$GNRMC,023653.60,A,3708.82921387,N,12724.88614045,E,2.403,350.1,070826,8.4,W,R,S*57
$GNGGA,023653.60,3708.82921387,N,12724.88614045,E,4,28,0.6,147.3343,M,24.1333,M,0.6,1012*57
$GNTHS,162.6223,A*19
$GNTHS,162.6223,A*19
$GNTHS,162.6223,A*19
$GNTHS,162.6223,A*19
$GNRMC,023653.80,A,3708.82934460,N,12724.88613006,E,2.391,359.3,070826,8.4,W,R,S*54
$GNGGA,023653.80,3708.82934460,N,12724.88613006,E,4,28,0.6,147.3371,M,24.1333,M,0.8,1012*5C
$GNTHS,163.2267,A*1C
$GNTHS,163.2267,A*1C
$GNTHS,163.2267,A*1C
$GNTHS,163.2267,A*1C
$GNRMC,023654.00,A,3708.82947826,N,12724.88610542,E,2.469,349.7,070826,8.4,W,R,S*52
$GNGGA,023654.00,3708.82947826,N,12724.88610542,E,4,27,0.6,147.3065,M,24.1333,M,1.0,1012*5F
$GNTHS,161.9060,A*10
$GNTHS,161.9060,A*10
$GNTHS,161.9060,A*10
$GNTHS,161.9060,A*10
$GNRMC,023654.20,A,3708.82960649,N,12724.88608932,E,2.169,356.9,070826,8.4,W,R,S*55
$GNGGA,023654.20,3708.82960649,N,12724.88608932,E,4,27,0.6,147.3330,M,24.1333,M,1.2,1012*5C
$GNTHS,162.8480,A*18
$GNTHS,162.8480,A*18
$GNTHS,162.8480,A*18
$GNTHS,162.8480,A*18
$GNRMC,023654.40,A,3708.82972040,N,12724.88604033,E,2.182,341.3,070826,8.4,W,R,S*52
$GNGGA,023654.40,3708.82972040,N,12724.88604033,E,4,27,0.6,147.3465,M,24.1333,M,1.4,1012*53
$GNTHS,159.4240,A*16
$GNTHS,159.4240,A*16
$GNTHS,159.4240,A*16
$GNTHS,159.4240,A*16
$GNRMC,023654.60,A,3708.82984238,N,12724.88600519,E,2.373,345.4,070826,8.4,W,R,S*52
$GNGGA,023654.60,3708.82984238,N,12724.88600519,E,4,28,0.6,147.3098,M,24.1333,M,0.6,1012*56
$GNTHS,157.1060,A*1D
$GNTHS,157.1060,A*1D
$GNTHS,157.1060,A*1D
$GNTHS,157.1060,A*1D
$GNRMC,023654.80,A,3708.82995771,N,12724.88597737,E,2.162,351.0,070826,8.4,W,R,S*54
$GNGGA,023654.80,3708.82995771,N,12724.88597737,E,4,31,0.6,147.3017,M,24.1333,M,0.8,1012*52
$GNTHS,157.7070,A*1A
$GNTHS,157.7070,A*1A
$GNTHS,157.7070,A*1A
$GNTHS,157.7070,A*1A
$GNRMC,023655.00,A,3708.83008283,N,12724.88593569,E,2.484,341.6,070826,8.4,W,R,S*5E
$GNGGA,023655.00,3708.83008283,N,12724.88593569,E,4,30,0.6,147.2960,M,24.1333,M,1.0,1012*52
$GNTHS,158.3882,A*14
$GNTHS,158.3882,A*14
$GNTHS,158.3882,A*14
$GNTHS,158.3882,A*14
$GNRMC,023655.20,A,3708.83022469,N,12724.88588282,E,2.420,344.5,070826,8.4,W,R,S*56
$GNGGA,023655.20,3708.83022469,N,12724.88588282,E,4,29,0.6,147.3376,M,24.1333,M,1.2,1012*54
$GNTHS,155.6058,A*13
$GNTHS,155.6058,A*13
$GNTHS,155.6058,A*13
$GNTHS,155.6058,A*13
$GNRMC,023655.40,A,3708.83034050,N,12724.88584245,E,2.018,345.5,070826,8.4,W,R,S*50
$GNGGA,023655.40,3708.83034050,N,12724.88584245,E,4,28,0.6,147.3425,M,24.1333,M,1.4,1012*5A
$GNTHS,156.3633,A*1E
$GNTHS,156.3633,A*1E
$GNTHS,156.3633,A*1E
$GNTHS,156.3633,A*1E
$GNRMC,023655.60,A,3708.83045399,N,12724.88577289,E,2.512,328.7,070826,8.4,W,R,S*58
$GNGGA,023655.60,3708.83045399,N,12724.88577289,E,4,28,0.6,147.3633,M,24.1333,M,0.6,1012*52
$GNTHS,152.5768,A*13
$GNTHS,152.5768,A*13
$GNTHS,152.5768,A*13
$GNTHS,152.5768,A*13
$GNRMC,023655.80,A,3708.83058041,N,12724.88571525,E,2.449,342.4,070826,8.4,W,R,S*5B
$GNGGA,023655.80,3708.83058041,N,12724.88571525,E,4,27,0.6,147.3331,M,24.1333,M,0.8,1012*57
$GNTHS,152.2456,A*1A
$GNTHS,152.2456,A*1A
$GNTHS,152.2456,A*1A
$GNTHS,152.2456,A*1A
$GNRMC,023656.00,A,3708.83070024,N,12724.88564964,E,2.338,337.0,070826,8.4,W,R,S*53
$GNGGA,023656.00,3708.83070024,N,12724.88564964,E,4,25,0.7,147.3236,M,24.1333,M,1.0,1012*54
$GNTHS,150.0651,A*1F
$GNTHS,150.0651,A*1F
$GNTHS,150.0651,A*1F
$GNTHS,150.0651,A*1F
$GNRMC,023656.20,A,3708.83082270,N,12724.88559408,E,2.461,338.3,070826,8.4,W,R,S*51
$GNGGA,023656.20,3708.83082270,N,12724.88559408,E,4,27,0.6,147.3233,M,24.1333,M,1.2,1012*55
$GNTHS,149.5173,A*15
$GNTHS,149.5173,A*15
$GNTHS,149.5173,A*15
$GNTHS,149.5173,A*15
$GNRMC,023656.40,A,3708.83093172,N,12724.88554530,E,2.059,341.9,070826,8.4,W,R,S*5A
$GNGGA,023656.40,3708.83093172,N,12724.88554530,E,4,27,0.6,147.3708,M,24.1333,M,1.4,1012*5E
$GNTHS,149.0316,A*11
$GNTHS,149.0316,A*11
$GNTHS,149.0316,A*11
$GNTHS,149.0316,A*11
$GNRMC,023656.60,A,3708.83103545,N,12724.88545826,E,2.343,320.5,070826,8.4,W,R,S*59
$GNGGA,023656.60,3708.83103545,N,12724.88545826,E,4,29,0.6,147.3615,M,24.1333,M,1.6,1012*5F
$GNTHS,144.7615,A*1D
$GNTHS,144.7615,A*1D
$GNTHS,144.7615,A*1D
$GNTHS,144.7615,A*1D
$GNRMC,023656.80,A,3708.83114490,N,12724.88538780,E,2.331,332.5,070826,8.4,W,R,S*57
$GNGGA,023656.80,3708.83114490,N,12724.88538780,E,4,30,0.6,147.3126,M,24.1332,M,0.8,1012*56
$GNTHS,143.0585,A*17
$GNTHS,143.0585,A*17
$GNTHS,143.0585,A*17
$GNTHS,143.0585,A*17
$GNRMC,023657.00,A,3708.83125290,N,12724.88532864,E,2.115,340.5,070826,8.4,W,R,S*54
$GNGGA,023657.00,3708.83125290,N,12724.88532864,E,4,34,0.5,147.3132,M,24.1332,M,1.0,1012*5F
$GNTHS,143.7576,A*1C
$GNTHS,143.7576,A*1C
$GNTHS,143.7576,A*1C
$GNTHS,143.7576,A*1C
$GNRMC,023657.20,A,3708.83136757,N,12724.88525041,E,2.472,329.1,070826,8.4,W,R,S*5C
$GNGGA,023657.20,3708.83136757,N,12724.88525041,E,4,33,0.5,147.2968,M,24.1332,M,1.2,1012*5B
$GNTHS,142.7961,A*17
$GNTHS,142.7961,A*17
$GNTHS,142.7961,A*17
$GNTHS,142.7961,A*17
$GNRMC,023657.40,A,3708.83149680,N,12724.88515099,E,2.384,330.2,070826,8.4,W,R,S*5A
$GNGGA,023657.40,3708.83149680,N,12724.88515099,E,4,30,0.6,147.3463,M,24.1332,M,1.4,1012*59
$GNTHS,141.5188,A*19
$GNTHS,141.5188,A*19
$GNTHS,141.5188,A*19
$GNTHS,141.5188,A*19
$GNRMC,023657.60,A,3708.83160241,N,12724.88506496,E,2.227,322.8,070826,8.4,W,R,S*52
$GNGGA,023657.60,3708.83160241,N,12724.88506496,E,4,31,0.5,147.3595,M,24.1332,M,1.6,1012*58
$GNTHS,139.7701,A*13
$GNTHS,139.7701,A*13
$GNTHS,139.7701,A*13
$GNTHS,139.7701,A*13
$GNRMC,023657.80,A,3708.83171043,N,12724.88497232,E,2.242,324.2,070826,8.4,W,R,S*52
$GNGGA,023657.80,3708.83171043,N,12724.88497232,E,4,30,0.6,147.3403,M,24.1332,M,0.8,1012*54
$GNTHS,138.8612,A*1E
$GNTHS,138.8612,A*1E
$GNTHS,138.8612,A*1E
$GNTHS,138.8612,A*1E
$GNRMC,023658.00,A,3708.83181117,N,12724.88488697,E,2.207,326.2,070826,8.4,W,R,S*5C
$GNGGA,023658.00,3708.83181117,N,12724.88488697,E,4,31,0.6,147.3217,M,24.1332,M,1.0,1012*52
$GNTHS,139.0640,A*10
$GNTHS,139.0640,A*10
$GNTHS,139.0640,A*10
$GNTHS,139.0640,A*10
$GNRMC,023658.20,A,3708.83191076,N,12724.88477921,E,2.448,314.2,070826,8.4,W,R,S*57
$GNGGA,023658.20,3708.83191076,N,12724.88477921,E,4,28,0.6,147.3466,M,24.1332,M,1.2,1012*5F
$GNTHS,138.6180,A*1C
$GNTHS,138.6180,A*1C
$GNTHS,138.6180,A*1C
$GNTHS,138.6180,A*1C
$GNRMC,023658.40,A,3708.83201018,N,12724.88468074,E,2.303,327.0,070826,8.4,W,R,S*5E
$GNGGA,023658.40,3708.83201018,N,12724.88468074,E,4,29,0.6,147.3899,M,24.1332,M,1.4,1012*57
$GNTHS,136.5650,A*1B
$GNTHS,136.5650,A*1B
$GNTHS,136.5650,A*1B
$GNTHS,136.5650,A*1B
$GNRMC,023658.60,A,3708.83210501,N,12724.88458049,E,2.174,319.3,070826,8.4,W,R,S*50
$GNGGA,023658.60,3708.83210501,N,12724.88458049,E,4,30,0.6,147.4133,M,24.1332,M,1.6,1012*51
$GNTHS,133.9957,A*1A
$GNTHS,133.9957,A*1A
$GNTHS,133.9957,A*1A
$GNTHS,133.9957,A*1A
$GNRMC,023658.80,A,3708.83218326,N,12724.88445931,E,2.423,304.1,070826,8.4,W,R,S*56
$GNGGA,023658.80,3708.83218326,N,12724.88445931,E,4,28,0.6,147.4235,M,24.1332,M,0.8,1012*5D
$GNTHS,130.0847,A*10
$GNTHS,130.0847,A*10
$GNTHS,130.0847,A*10
$GNTHS,130.0847,A*10
$GNRMC,023659.00,A,3708.83227273,N,12724.88434790,E,2.337,319.1,070826,8.4,W,R,S*5F
$GNGGA,023659.00,3708.83227273,N,12724.88434790,E,4,28,0.6,147.3948,M,24.1332,M,1.0,1012*55
$GNTHS,129.2991,A*10
$GNTHS,129.2991,A*10
$GNTHS,129.2991,A*10
$GNTHS,129.2991,A*10
$GNRMC,023659.20,A,3708.83237411,N,12724.88423014,E,2.309,317.1,070826,8.4,W,R,S*50
$GNGGA,023659.20,3708.83237411,N,12724.88423014,E,4,27,0.6,147.4087,M,24.1332,M,1.2,1012*59
$GNTHS,130.1357,A*1B
$GNTHS,130.1357,A*1B
$GNTHS,130.1357,A*1B
$GNTHS,130.1357,A*1B
$GNRMC,023659.40,A,3708.83245375,N,12724.88409663,E,2.625,304.0,070826,8.4,W,R,S*50
$GNGGA,023659.40,3708.83245375,N,12724.88409663,E,4,28,0.6,147.3955,M,24.1332,M,1.4,1012*59
$GNTHS,126.6033,A*1A
$GNTHS,126.6033,A*1A
$GNTHS,126.6033,A*1A
$GNTHS,126.6033,A*1A
$GNRMC,023659.60,A,3708.83254571,N,12724.88397377,E,2.364,316.2,070826,8.4,W,R,S*51
$GNGGA,023659.60,3708.83254571,N,12724.88397377,E,4,27,0.6,147.4061,M,24.1332,M,1.6,1012*5D
$GNTHS,123.7422,A*1A
$GNTHS,123.7422,A*1A
$GNTHS,123.7422,A*1A
$GNTHS,123.7422,A*1A
$GNRMC,023659.80,A,3708.83260726,N,12724.88382700,E,2.435,295.3,070826,8.4,W,R,S*50
$GNGGA,023659.80,3708.83260726,N,12724.88382700,E,4,27,0.6,147.4186,M,24.1332,M,1.8,1012*52
$GNTHS,121.4076,A*1E
$GNTHS,121.4076,A*1E
$GNTHS,121.4076,A*1E
$GNTHS,121.4076,A*1E
$GNRMC,023700.00,A,3708.83268816,N,12724.88369680,E,2.476,308.3,070826,8.4,W,R,S*5F
$GNGGA,023700.00,3708.83268816,N,12724.88369680,E,4,28,0.6,147.3770,M,24.1332,M,1.0,1012*50
$GNTHS,120.8783,A*1E
$GNTHS,120.8783,A*1E
$GNTHS,120.8783,A*1E
$GNTHS,120.8783,A*1E
$GNRMC,023700.20,A,3708.83276955,N,12724.88356089,E,2.152,308.9,070826,8.4,W,R,S*5E
$GNGGA,023700.20,3708.83276955,N,12724.88356089,E,4,26,0.7,147.3933,M,24.1331,M,1.2,1012*5F
$GNTHS,120.4518,A*12
$GNTHS,120.4518,A*12
$GNTHS,120.4518,A*12
$GNTHS,120.4518,A*12
$GNRMC,023700.40,A,3708.83285745,N,12724.88339181,E,2.720,303.9,070826,8.4,W,R,S*53
$GNGGA,023700.40,3708.83285745,N,12724.88339181,E,4,24,0.7,147.3746,M,24.1331,M,1.4,1012*52
$GNTHS,117.6064,A*1A
$GNTHS,117.6064,A*1A
$GNTHS,117.6064,A*1A
$GNTHS,117.6064,A*1A
$GNRMC,023700.60,A,3708.83294299,N,12724.88327197,E,2.165,312.9,070826,8.4,W,R,S*5A
$GNGGA,023700.60,3708.83294299,N,12724.88327197,E,4,25,0.7,147.3601,M,24.1331,M,1.6,1012*5D
$GNTHS,117.3188,A*1C
$GNTHS,117.3188,A*1C
$GNTHS,117.3188,A*1C
$GNTHS,117.3188,A*1C
$GNRMC,023700.80,A,3708.83300218,N,12724.88312648,E,2.191,292.8,070826,8.4,W,R,S*51
$GNGGA,023700.80,3708.83300218,N,12724.88312648,E,4,25,0.7,147.3678,M,24.1331,M,1.8,1012*55
$GNTHS,113.4358,A*10
$GNTHS,113.4358,A*10
$GNTHS,113.4358,A*10
$GNTHS,113.4358,A*10
$GNRMC,023701.00,A,3708.83306204,N,12724.88298531,E,2.189,297.3,070826,8.4,W,R,S*5A
$GNGGA,023701.00,3708.83306204,N,12724.88298531,E,4,25,0.7,147.3681,M,24.1331,M,1.0,1012*57
$GNTHS,109.7176,A*16
$GNTHS,109.7176,A*16
$GNTHS,109.7176,A*16
$GNTHS,109.7176,A*16
$GNRMC,023701.20,A,3708.83313065,N,12724.88284432,E,2.435,305.1,070826,8.4,W,R,S*5C
$GNGGA,023701.20,3708.83313065,N,12724.88284432,E,4,24,0.7,147.3643,M,24.1331,M,1.2,1012*56
$GNTHS,107.9680,A*18
$GNTHS,107.9680,A*18
$GNTHS,107.9680,A*18
$GNTHS,107.9680,A*18
$GNRMC,023701.40,A,3708.83320276,N,12724.88269047,E,2.560,299.3,070826,8.4,W,R,S*58
$GNGGA,023701.40,3708.83320276,N,12724.88269047,E,4,24,0.7,147.3775,M,24.1331,M,1.4,1012*57
$GNTHS,108.4587,A*1E
$GNTHS,108.4587,A*1E
$GNTHS,108.4587,A*1E
$GNTHS,108.4587,A*1E
$GNRMC,023701.60,A,3708.83327461,N,12724.88255642,E,2.501,301.7,070826,8.4,W,R,S*52
$GNGGA,023701.60,3708.83327461,N,12724.88255642,E,4,25,0.7,147.3152,M,24.1331,M,0.6,1012*5F
$GNTHS,108.4173,A*11
$GNTHS,108.4173,A*11
$GNTHS,108.4173,A*11
$GNTHS,108.4173,A*11
$GNRMC,023701.80,A,3708.83330527,N,12724.88240944,E,2.155,279.1,070826,8.4,W,R,S*59
$GNGGA,023701.80,3708.83330527,N,12724.88240944,E,4,23,0.7,147.3381,M,24.1331,M,0.8,1012*5D
$GNTHS,104.7713,A*1E
$GNTHS,104.7713,A*1E
$GNTHS,104.7713,A*1E
$GNTHS,104.7713,A*1E
$GNRMC,023702.00,A,3708.83333810,N,12724.88225597,E,2.475,284.4,070826,8.4,W,R,S*59
$GNGGA,023702.00,3708.83333810,N,12724.88225597,E,4,25,0.7,147.3167,M,24.1331,M,1.0,1012*58
$GNTHS,107.5989,A*12
$GNTHS,107.5989,A*12
$GNTHS,107.5989,A*12
$GNTHS,107.5989,A*12
$GNRMC,023702.20,A,3708.83339071,N,12724.88211150,E,2.227,298.1,070826,8.4,W,R,S*5F
$GNGGA,023702.20,3708.83339071,N,12724.88211150,E,4,22,0.8,147.3006,M,24.1331,M,1.2,1012*5B
$GNTHS,102.9807,A*1C
$GNTHS,102.9807,A*1C
$GNTHS,102.9807,A*1C
$GNTHS,102.9807,A*1C
$GNRMC,023702.40,A,3708.83343413,N,12724.88193487,E,2.533,282.7,070826,8.4,W,R,S*5D
$GNGGA,023702.40,3708.83343413,N,12724.88193487,E,4,21,0.8,147.3473,M,24.1331,M,1.4,1012*55
$GNTHS,101.0942,A*16
$GNTHS,101.0942,A*16
$GNTHS,101.0942,A*16
$GNTHS,101.0942,A*16
$GNRMC,023702.60,A,3708.83347802,N,12724.88177265,E,2.473,284.1,070826,8.4,W,R,S*52
$GNGGA,023702.60,3708.83347802,N,12724.88177265,E,4,21,0.8,147.2885,M,24.1331,M,0.6,1012*58
$GNTHS,97.7425,A*23
$GNTHS,97.7425,A*23
$GNTHS,97.7425,A*23
$GNTHS,97.7425,A*23
$GNRMC,023702.80,A,3708.83350992,N,12724.88162005,E,1.985,287.0,070826,8.4,W,R,S*57
$GNGGA,023702.80,3708.83350992,N,12724.88162005,E,4,22,0.8,147.3648,M,24.1330,M,0.8,1012*5A
$GNTHS,94.2370,A*22
$GNTHS,94.2370,A*22
$GNTHS,94.2370,A*22
$GNTHS,94.2370,A*22
$GNRMC,023703.00,A,3708.83352644,N,12724.88145651,E,2.478,277.3,070826,8.4,W,R,S*5A
$GNGGA,023703.00,3708.83352644,N,12724.88145651,E,4,20,0.9,147.3701,M,24.1330,M,1.0,1012*51
$GNTHS,88.9603,A*25
$GNTHS,88.9603,A*25
$GNTHS,88.9603,A*25
$GNTHS,88.9603,A*25
$GNRMC,023703.20,A,3708.83355821,N,12724.88130357,E,2.407,284.6,070826,8.4,W,R,S*52
$GNGGA,023703.20,3708.83355821,N,12724.88130357,E,4,22,0.9,147.3822,M,24.1330,M,1.2,1012*56
$GNTHS,92.6660,A*24
$GNTHS,92.6660,A*24
$GNTHS,92.6660,A*24
$GNTHS,92.6660,A*24
$GNRMC,023703.40,A,3708.83357027,N,12724.88115793,E,2.322,279.6,070826,8.4,W,R,S*51
$GNGGA,023703.40,3708.83357027,N,12724.88115793,E,4,21,0.9,147.3933,M,24.1330,M,1.4,1012*53
$GNTHS,91.6419,A*2B
$GNTHS,91.6419,A*2B
$GNTHS,91.6419,A*2B
$GNTHS,91.6419,A*2B
$GNRMC,023703.60,A,3708.83359421,N,12724.88099562,E,2.371,280.5,070826,8.4,W,R,S*55
$GNGGA,023703.60,3708.83359421,N,12724.88099562,E,4,22,0.8,147.3676,M,24.1330,M,1.6,1012*5A
$GNTHS,91.6797,A*2E
$GNTHS,91.6797,A*2E
$GNTHS,91.6797,A*2E
$GNTHS,91.6797,A*2E
$GNRMC,023703.80,A,3708.83362282,N,12724.88085267,E,2.114,283.8,070826,8.4,W,R,S*5C
$GNGGA,023703.80,3708.83362282,N,12724.88085267,E,4,22,0.9,147.3784,M,24.1330,M,1.8,1012*5F
$GNTHS,90.5264,A*25
$GNTHS,90.5264,A*25
$GNTHS,90.5264,A*25
$GNTHS,90.5264,A*25
$GNRMC,023704.00,A,3708.83361683,N,12724.88068798,E,2.370,259.7,070826,8.4,W,R,S*5B
$GNGGA,023704.00,3708.83361683,N,12724.88068798,E,4,22,0.9,147.4037,M,24.1330,M,1.0,1012*50
$GNTHS,84.5589,A*24
$GNTHS,84.5589,A*24
$GNTHS,84.5589,A*24
$GNTHS,84.5589,A*24
$GNRMC,023704.20,A,3708.83363844,N,12724.88052935,E,2.511,281.4,070826,8.4,W,R,S*59
$GNGGA,023704.20,3708.83363844,N,12724.88052935,E,4,23,0.8,147.3018,M,24.1330,M,1.2,1012*5D
$GNTHS,86.8336,A*29
$GNTHS,86.8336,A*29
$GNTHS,86.8336,A*29
$GNTHS,86.8336,A*29
$GNRMC,023704.40,A,3708.83366998,N,12724.88034130,E,2.489,284.6,070826,8.4,W,R,S*50
$GNGGA,023704.40,3708.83366998,N,12724.88034130,E,4,22,0.9,147.3599,M,24.1330,M,1.4,1012*59
$GNTHS,88.6267,A*2C
$GNTHS,88.6267,A*2C
$GNTHS,88.6267,A*2C
$GNRMC,023704.60,A,3708.83368087,N,12724.88016445,E,2.703,266.5,070826,8.4,W,R,S*52
$GNGGA,023704.60,3708.83368087,N,12724.88016445,E,4,23,0.8,147.3452,M,24.1330,M,1.6,1012*51
$GNTHS,87.5171,A*24
$GNTHS,87.5171,A*24
$GNTHS,87.5171,A*24
$GNTHS,87.5171,A*24
$GNRMC,023704.80,A,3708.83370532,N,12724.88001554,E,2.173,283.0,070826,8.4,W,R,S*56
$GNGGA,023704.80,3708.83370532,N,12724.88001554,E,4,26,0.8,147.3068,M,24.1330,M,0.8,1012*5D
$GNTHS,85.8187,A*22
$GNTHS,85.8187,A*22
$GNTHS,85.8187,A*22
$GNTHS,85.8187,A*22
$GNRMC,023705.00,A,3708.83369620,N,12724.87984525,E,2.300,267.0,070826,8.4,W,R,S*56
$GNGGA,023705.00,3708.83369620,N,12724.87984525,E,4,25,0.8,147.3501,M,24.1329,M,1.0,1012*59
$GNTHS,82.5890,A*27
$GNTHS,82.5890,A*27
$GNTHS,82.5890,A*27
$GNTHS,82.5890,A*27
$GNRMC,023705.20,A,3708.83370484,N,12724.87966640,E,2.662,270.9,070826,8.4,W,R,S*52
$GNGGA,023705.20,3708.83370484,N,12724.87966640,E,4,24,0.8,147.3130,M,24.1329,M,1.2,1012*56
$GNTHS,85.7096,A*2C
$GNTHS,85.7096,A*2C
$GNTHS,85.7096,A*2C
$GNTHS,85.7096,A*2C
$GNRMC,023705.40,A,3708.83372158,N,12724.87949673,E,2.539,283.2,070826,8.4,W,R,S*55
$GNGGA,023705.40,3708.83372158,N,12724.87949673,E,4,25,0.8,147.3223,M,24.1329,M,1.4,1012*5D
$GNTHS,86.7116,A*26
$GNTHS,86.7116,A*26
$GNTHS,86.7116,A*26
$GNTHS,86.7116,A*26
$GNRMC,023705.60,A,3708.83371788,N,12724.87930800,E,2.675,267.7,070826,8.4,W,R,S*5F
$GNGGA,023705.60,3708.83371788,N,12724.87930800,E,4,25,0.8,147.3393,M,24.1329,M,0.6,1012*5A
$GNTHS,85.7273,A*25
$GNTHS,85.7273,A*25
$GNTHS,85.7273,A*25
$GNTHS,85.7273,A*25
$GNRMC,023705.80,A,3708.83373802,N,12724.87914065,E,2.518,271.4,070826,8.4,W,R,S*5F
$GNGGA,023705.80,3708.83373802,N,12724.87914065,E,4,25,0.8,147.2905,M,24.1329,M,0.8,1012*5C
$GNTHS,85.8799,A*2B
$GNTHS,85.8799,A*2B
$GNTHS,85.8799,A*2B
$GNTHS,85.8799,A*2B
$GNRMC,023706.00,A,3708.83374020,N,12724.87897058,E,2.387,273.5,070826,8.4,W,R,S*5C
$GNGGA,023706.00,3708.83374020,N,12724.87897058,E,4,25,0.8,147.3179,M,24.1329,M,1.0,1012*57
$GNTHS,86.1322,A*25
$GNTHS,86.1322,A*25
$GNTHS,86.1322,A*25
$GNTHS,86.1322,A*25
$GNRMC,023706.20,A,3708.83373344,N,12724.87878997,E,2.632,264.2,070826,8.4,W,R,S*59
$GNGGA,023706.20,3708.83373344,N,12724.87878997,E,4,25,0.8,147.2968,M,24.1329,M,1.2,1012*53
$GNTHS,81.4640,A*26
$GNTHS,81.4640,A*26
$GNTHS,81.4640,A*26
$GNTHS,81.4640,A*26
$GNRMC,023706.40,A,3708.83375424,N,12724.87861304,E,2.463,283.8,070826,8.4,W,R,S*55
$GNGGA,023706.40,3708.83375424,N,12724.87861304,E,4,24,0.8,147.3381,M,24.1329,M,1.4,1012*51
$GNTHS,86.7406,A*22
$GNTHS,86.7406,A*22
$GNTHS,86.7406,A*22
$GNTHS,86.7406,A*22
$GNRMC,023706.60,A,3708.83375683,N,12724.87843112,E,2.510,279.5,070826,8.4,W,R,S*50
$GNGGA,023706.60,3708.83375683,N,12724.87843112,E,4,24,0.8,147.3584,M,24.1329,M,1.6,1012*58
$GNTHS,85.6685,A*29
$GNTHS,85.6685,A*29
$GNTHS,85.6685,A*29
$GNTHS,85.6685,A*29
$GNRMC,023706.80,A,3708.83377531,N,12724.87825329,E,2.654,273.1,070826,8.4,W,R,S*51
$GNGGA,023706.80,3708.83377531,N,12724.87825329,E,4,23,0.8,147.3099,M,24.1329,M,0.8,1012*55
$GNTHS,85.7089,A*22
$GNTHS,85.7089,A*22
$GNTHS,85.7089,A*22
$GNTHS,85.7089,A*22
$GNRMC,023707.00,A,3708.83379349,N,12724.87807649,E,2.439,279.3,070826,8.4,W,R,S*5D
$GNGGA,023707.00,3708.83379349,N,12724.87807649,E,4,23,0.8,147.3213,M,24.1328,M,1.0,1012*50
$GNTHS,84.8498,A*28
$GNTHS,84.8498,A*28
$GNTHS,84.8498,A*28
$GNTHS,84.8498,A*28
$GNRMC,023707.20,A,3708.83377857,N,12724.87790397,E,2.611,258.0,070826,8.4,W,R,S*5A
$GNGGA,023707.20,3708.83377857,N,12724.87790397,E,4,24,0.8,147.3142,M,24.1328,M,1.2,1012*5D
$GNTHS,83.8775,A*2F
$GNTHS,83.8775,A*2F
$GNTHS,83.8775,A*2F
$GNTHS,83.8775,A*2F
$GNRMC,023707.40,A,3708.83379035,N,12724.87772346,E,2.587,279.6,070826,8.4,W,R,S*57
$GNGGA,023707.40,3708.83379035,N,12724.87772346,E,4,24,0.8,147.3344,M,24.1328,M,1.4,1012*5B
$GNTHS,83.5551,A*26
$GNTHS,83.5551,A*26
$GNTHS,83.5551,A*26
$GNTHS,83.5551,A*26
$GNRMC,023707.60,A,3708.83380326,N,12724.87753714,E,2.641,278.5,070826,8.4,W,R,S*59
$GNGGA,023707.60,3708.83380326,N,12724.87753714,E,4,23,0.8,147.3799,M,24.1328,M,1.6,1012*5F
$GNTHS,85.2773,A*25
$GNTHS,85.2773,A*25
$GNTHS,85.2773,A*25
$GNTHS,85.2773,A*25
$GNRMC,023707.80,A,3708.83381603,N,12724.87735724,E,2.610,271.8,070826,8.4,W,R,S*57
$GNGGA,023707.80,3708.83381603,N,12724.87735724,E,4,23,0.8,147.3332,M,24.1328,M,0.8,1012*5B
$GNTHS,86.5439,A*2C
$GNTHS,86.5439,A*2C
$GNTHS,86.5439,A*2C
$GNTHS,86.5439,A*2C
$GNRMC,023708.00,A,3708.83383725,N,12724.87719665,E,2.298,282.5,070826,8.4,W,R,S*58
$GNGGA,023708.00,3708.83383725,N,12724.87719665,E,4,23,0.8,147.3475,M,24.1328,M,1.0,1012*5C
$GNTHS,85.6504,A*23
$GNTHS,85.6504,A*23
$GNTHS,85.6504,A*23
$GNTHS,85.6504,A*23
$GNRMC,023708.20,A,3708.83382385,N,12724.87702250,E,2.506,258.8,070826,8.4,W,R,S*57
$GNGGA,023708.20,3708.83382385,N,12724.87702250,E,4,22,0.9,147.3584,M,24.1328,M,1.2,1012*54
$GNTHS,81.4499,A*20
$GNTHS,81.4499,A*20
$GNTHS,81.4499,A*20
$GNTHS,81.4499,A*20
$GNRMC,023708.40,A,3708.83383614,N,12724.87684707,E,2.672,271.9,070826,8.4,W,R,S*5F
$GNGGA,023708.40,3708.83383614,N,12724.87684707,E,4,22,0.9,147.2916,M,24.1328,M,1.4,1012*56
$GNTHS,83.7938,A*27
$GNTHS,83.7938,A*27
$GNTHS,83.7938,A*27
$GNTHS,83.7938,A*27
$GNRMC,023708.60,A,3708.83385532,N,12724.87667237,E,2.543,285.5,070826,8.4,W,R,S*51
$GNGGA,023708.60,3708.83385532,N,12724.87667237,E,4,24,0.8,147.3244,M,24.1328,M,1.6,1012*56
$GNTHS,85.2944,A*2F
$GNTHS,85.2944,A*2F
$GNTHS,85.2944,A*2F
$GNTHS,85.2944,A*2F
$GNRMC,023708.80,A,3708.83385593,N,12724.87649158,E,2.699,266.8,070826,8.4,W,R,S*56
$GNGGA,023708.80,3708.83385593,N,12724.87649158,E,4,23,0.8,147.3027,M,24.1328,M,0.8,1012*5A
$GNTHS,85.2208,A*2C
$GNTHS,85.2208,A*2C
$GNTHS,85.2208,A*2C
$GNTHS,85.2208,A*2C
$GNRMC,023709.00,A,3708.83386767,N,12724.87632556,E,2.363,274.6,070826,8.4,W,R,S*5E
$GNGGA,023709.00,3708.83386767,N,12724.87632556,E,4,25,0.8,147.3083,M,24.1328,M,1.0,1012*5E
$GNTHS,83.8781,A*24
$GNTHS,83.8781,A*24
$GNTHS,83.8781,A*24
$GNTHS,83.8781,A*24
$GNRMC,023709.20,A,3708.83385954,N,12724.87614525,E,2.491,267.1,070826,8.4,W,R,S*5E
$GNGGA,023709.20,3708.83385954,N,12724.87614525,E,4,24,0.8,147.3430,M,24.1328,M,1.2,1012*5E
$GNTHS,82.3411,A*24
$GNTHS,82.3411,A*24
$GNTHS,82.3411,A*24
$GNTHS,82.3411,A*24
$GNRMC,023709.40,A,3708.83385602,N,12724.87597531,E,2.553,267.3,070826,8.4,W,R,S*54
$GNGGA,023709.40,3708.83385602,N,12724.87597531,E,4,23,0.8,147.3260,M,24.1328,M,1.4,1012*5B
$GNTHS,81.3633,A*25
$GNTHS,81.3633,A*25
$GNTHS,81.3633,A*25
$GNTHS,81.3633,A*25
$GNRMC,023709.60,A,3708.83387895,N,12724.87580670,E,2.467,285.8,070826,8.4,W,R,S*55
$GNGGA,023709.60,3708.83387895,N,12724.87580670,E,4,24,0.8,147.3626,M,24.1328,M,1.6,1012*58
$GNTHS,84.1690,A*2B
$GNTHS,84.1690,A*2B
$GNTHS,84.1690,A*2B
$GNTHS,84.1690,A*2B
$GNRMC,023709.80,A,3708.83388413,N,12724.87562647,E,2.592,267.7,070826,8.4,W,R,S*56
$GNGGA,023709.80,3708.83388413,N,12724.87562647,E,4,24,0.8,147.3896,M,24.1328,M,1.8,1012*58
$GNTHS,85.4535,A*23
$GNTHS,85.4535,A*23
$GNTHS,85.4535,A*23
$GNTHS,85.4535,A*23
$GNRMC,023710.00,A,3708.83390086,N,12724.87545855,E,2.167,278.5,070826,8.4,W,R,S*5D
$GNGGA,023710.00,3708.83390086,N,12724.87545855,E,4,25,0.8,147.3540,M,24.1328,M,1.0,1012*5E
$GNTHS,85.9270,A*28
$GNTHS,85.9270,A*28
$GNTHS,85.9270,A*28
$GNTHS,85.9270,A*28
$GNRMC,023710.20,A,3708.83389412,N,12724.87528986,E,2.346,270.4,070826,8.4,W,R,S*52
$GNGGA,023710.20,3708.83389412,N,12724.87528986,E,4,24,0.8,147.3654,M,24.1327,M,1.2,1012*53
$GNTHS,83.2377,A*23
$GNTHS,83.2377,A*23
$GNTHS,83.2377,A*23
$GNTHS,83.2377,A*23
$GNRMC,023710.40,A,3708.83387329,N,12724.87513354,E,2.533,263.4,070826,8.4,W,R,S*5E
$GNGGA,023710.40,3708.83387329,N,12724.87513354,E,4,23,0.8,147.3111,M,24.1327,M,1.4,1012*5E
$GNTHS,79.9978,A*28
$GNTHS,79.9978,A*28
$GNTHS,79.9978,A*28
$GNTHS,79.9978,A*28
$GNRMC,023710.60,A,3708.83388401,N,12724.87496360,E,2.568,275.7,070826,8.4,W,R,S*5F
$GNGGA,023710.60,3708.83388401,N,12724.87496360,E,4,24,0.8,147.2975,M,24.1327,M,1.6,1012*5B
$GNTHS,82.0666,A*25
$GNTHS,82.0666,A*25
$GNTHS,82.0666,A*25
$GNTHS,82.0666,A*25
$GNRMC,023710.80,A,3708.83388804,N,12724.87478689,E,2.552,275.9,070826,8.4,W,R,S*5D
$GNGGA,023710.80,3708.83388804,N,12724.87478689,E,4,24,0.8,147.3224,M,24.1327,M,1.8,1012*5E
$GNTHS,84.2882,A*25
$GNTHS,84.2882,A*25
$GNTHS,84.2882,A*25
$GNTHS,84.2882,A*25
$GNRMC,023711.00,A,3708.83390349,N,12724.87461120,E,2.592,276.1,070826,8.4,W,R,S*54
$GNGGA,023711.00,3708.83390349,N,12724.87461120,E,4,23,0.8,147.3076,M,24.1327,M,1.0,1012*5A
$GNTHS,82.9612,A*2F
$GNTHS,82.9612,A*2F
$GNTHS,82.9612,A*2F
$GNTHS,82.9612,A*2F
$GNRMC,023711.20,A,3708.83391427,N,12724.87445427,E,1.971,278.8,070826,8.4,W,R,S*59
$GNGGA,023711.20,3708.83391427,N,12724.87445427,E,4,24,0.8,147.3519,M,24.1327,M,1.2,1012*5B
$GNTHS,82.1374,A*22
$GNTHS,82.1374,A*22
$GNTHS,82.1374,A*22
$GNTHS,82.1374,A*22
$GNRMC,023711.40,A,3708.83389641,N,12724.87425563,E,2.711,259.0,070826,8.4,W,R,S*53
$GNGGA,023711.40,3708.83389641,N,12724.87425563,E,4,23,0.8,147.3723,M,24.1327,M,1.4,1012*5B
$GNTHS,80.8598,A*2D
$GNTHS,80.8598,A*2D
$GNTHS,80.8598,A*2D
$GNTHS,80.8598,A*2D
$GNRMC,023711.60,A,3708.83390671,N,12724.87408999,E,2.383,276.2,070826,8.4,W,R,S*5C
$GNGGA,023711.60,3708.83390671,N,12724.87408999,E,4,23,0.9,147.3413,M,24.1327,M,0.6,1012*56
$GNTHS,81.8235,A*2C
$GNTHS,81.8235,A*2C
$GNTHS,81.8235,A*2C
$GNTHS,81.8235,A*2C
$GNRMC,023711.80,A,3708.83390824,N,12724.87391345,E,2.466,276.0,070826,8.4,W,R,S*5E
$GNGGA,023711.80,3708.83390824,N,12724.87391345,E,4,24,0.8,147.4160,M,24.1327,M,0.8,1012*54
$GNTHS,86.0624,A*27
$GNTHS,86.0624,A*27
$GNTHS,86.0624,A*27
$GNTHS,86.0624,A*27
$GNRMC,023712.00,A,3708.83391059,N,12724.87373392,E,2.521,271.9,070826,8.4,W,R,S*5C
$GNGGA,023712.00,3708.83391059,N,12724.87373392,E,4,24,0.8,147.3941,M,24.1327,M,1.0,1012*5F
$GNTHS,85.1619,A*2B
$GNTHS,85.1619,A*2B
$GNTHS,85.1619,A*2B
$GNTHS,85.1619,A*2B
$GNRMC,023712.20,A,3708.83391717,N,12724.87357627,E,2.131,275.4,070826,8.4,W,R,S*52
$GNGGA,023712.20,3708.83391717,N,12724.87357627,E,4,23,0.8,147.3863,M,24.1327,M,1.2,1012*59
$GNTHS,82.4804,A*2B
$GNTHS,82.4804,A*2B
$GNTHS,82.4804,A*2B
$GNTHS,82.4804,A*2B
$GNRMC,023712.40,A,3708.83389989,N,12724.87340441,E,2.630,255.6,070826,8.4,W,R,S*56
$GNGGA,023712.40,3708.83389989,N,12724.87340441,E,4,24,0.8,147.3887,M,24.1326,M,1.4,1012*51
$GNTHS,79.3376,A*26
$GNTHS,79.3376,A*26
$GNTHS,79.3376,A*26
$GNTHS,79.3376,A*26
$GNRMC,023712.60,A,3708.83389636,N,12724.87322927,E,2.510,272.8,070826,8.4,W,R,S*5C
$GNGGA,023712.60,3708.83389636,N,12724.87322927,E,4,24,0.8,147.3814,M,24.1326,M,0.6,1012*58
$GNTHS,77.4315,A*2A
$GNTHS,77.4315,A*2A
$GNTHS,77.4315,A*2A
$GNTHS,77.4315,A*2A
$GNRMC,023712.80,A,3708.83390830,N,12724.87306056,E,2.658,279.1,070826,8.4,W,R,S*56
$GNGGA,023712.80,3708.83390830,N,12724.87306056,E,4,24,0.8,147.3631,M,24.1326,M,0.8,1012*58
$GNTHS,82.4171,A*20
$GNTHS,82.4171,A*20
$GNTHS,82.4171,A*20
$GNTHS,82.4171,A*20
$GNRMC,023713.00,A,3708.83390584,N,12724.87286844,E,2.732,266.8,070826,8.4,W,R,S*55
$GNGGA,023713.00,3708.83390584,N,12724.87286844,E,4,24,0.8,147.3928,M,24.1326,M,1.0,1012*5F
$GNTHS,80.2268,A*2F
$GNTHS,80.2268,A*2F
$GNTHS,80.2268,A*2F
$GNTHS,80.2268,A*2F
$GNRMC,023713.20,A,3708.83391538,N,12724.87270319,E,2.289,272.8,070826,8.4,W,R,S*5B
$GNGGA,023713.20,3708.83391538,N,12724.87270319,E,4,25,0.8,147.3523,M,24.1326,M,1.2,1012*55
$GNTHS,82.9684,A*20
$GNTHS,82.9684,A*20
$GNTHS,82.9684,A*20
$GNTHS,82.9684,A*20
$GNRMC,023713.40,A,3708.83390156,N,12724.87254803,E,2.389,266.0,070826,8.4,W,R,S*5A
$GNGGA,023713.40,3708.83390156,N,12724.87254803,E,4,25,0.8,147.3311,M,24.1326,M,1.4,1012*59
$GNTHS,81.2018,A*2B
$GNTHS,81.2018,A*2B
$GNTHS,81.2018,A*2B
$GNTHS,81.2018,A*2B
$GNRMC,023713.60,A,3708.83387994,N,12724.87237011,E,2.626,259.5,070826,8.4,W,R,S*5F
$GNGGA,023713.60,3708.83387994,N,12724.87237011,E,4,24,0.8,147.3270,M,24.1326,M,1.6,1012*50
$GNTHS,79.7323,A*22
$GNTHS,79.7323,A*22
$GNTHS,79.7323,A*22
$GNTHS,79.7323,A*22
$GNRMC,023713.80,A,3708.83388568,N,12724.87221969,E,2.319,271.4,070826,8.4,W,R,S*52
$GNGGA,023713.80,3708.83388568,N,12724.87221969,E,4,25,0.8,147.2950,M,24.1326,M,0.8,1012*59
$GNTHS,77.8657,A*25
$GNTHS,77.8657,A*25
$GNTHS,77.8657,A*25
$GNTHS,77.8657,A*25
$GNRMC,023714.00,A,3708.83387549,N,12724.87203496,E,2.639,268.8,070826,8.4,W,R,S*5F
$GNGGA,023714.00,3708.83387549,N,12724.87203496,E,4,23,1.1,147.3302,M,24.1326,M,1.0,1012*5C
$GNTHS,80.3410,A*27
$GNTHS,80.3410,A*27
$GNTHS,80.3410,A*27
$GNTHS,80.3410,A*27
$GNRMC,023714.20,A,3708.83388632,N,12724.87187099,E,2.483,272.5,070826,8.4,W,R,S*5C
$GNGGA,023714.20,3708.83388632,N,12724.87187099,E,4,22,1.1,147.2982,M,24.1326,M,1.2,1012*5A
$GNTHS,81.2500,A*27
$GNTHS,81.2500,A*27
$GNTHS,81.2500,A*27
$GNTHS,81.2500,A*27
$GNRMC,023714.40,A,3708.83387175,N,12724.87169398,E,2.384,261.4,070826,8.4,W,R,S*50
$GNGGA,023714.40,3708.83387175,N,12724.87169398,E,4,22,1.1,147.3710,M,24.1326,M,1.4,1012*57
$GNTHS,81.0368,A*2D
$GNTHS,81.0368,A*2D
$GNTHS,81.0368,A*2D
$GNTHS,81.0368,A*2D
$GNRMC,023714.60,A,3708.83385341,N,12724.87152115,E,2.449,262.2,070826,8.4,W,R,S*59
$GNGGA,023714.60,3708.83385341,N,12724.87152115,E,4,22,1.1,147.3593,M,24.1325,M,1.6,1012*55
$GNTHS,79.7089,A*21
$GNTHS,79.7089,A*21
$GNTHS,79.7089,A*21
$GNTHS,79.7089,A*21
$GNRMC,023714.80,A,3708.83386068,N,12724.87135871,E,2.384,279.8,070826,8.4,W,R,S*50
$GNGGA,023714.80,3708.83386068,N,12724.87135871,E,4,22,1.1,147.3547,M,24.1325,M,0.8,1012*5C
$GNTHS,80.7589,A*22
$GNTHS,80.7589,A*22
$GNTHS,80.7589,A*22
$GNTHS,80.7589,A*22
$GNRMC,023715.00,A,3708.83384980,N,12724.87117443,E,2.703,266.0,070826,8.4,W,R,S*54
$GNGGA,023715.00,3708.83384980,N,12724.87117443,E,4,23,1.1,147.3806,M,24.1325,M,1.0,1012*55
$GNTHS,79.5569,A*28
$GNTHS,79.5569,A*28
$GNTHS,79.5569,A*28
$GNTHS,79.5569,A*28
$GNRMC,023715.20,A,3708.83385519,N,12724.87099476,E,2.522,274.3,070826,8.4,W,R,S*5B
$GNGGA,023715.20,3708.83385519,N,12724.87099476,E,4,23,1.1,147.3937,M,24.1325,M,1.2,1012*5A
$GNTHS,82.0314,A*25
$GNTHS,82.0314,A*25
$GNTHS,82.0314,A*25
$GNTHS,82.0314,A*25
$GNRMC,023715.40,A,3708.83385819,N,12724.87083509,E,2.309,269.1,070826,8.4,W,R,S*53
$GNGGA,023715.40,3708.83385819,N,12724.87083509,E,4,23,1.1,147.4046,M,24.1325,M,1.4,1012*5D
$GNTHS,80.5000,A*24
$GNTHS,80.5000,A*24
$GNTHS,80.5000,A*24
$GNTHS,80.5000,A*24
$GNRMC,023715.60,A,3708.83383688,N,12724.87065922,E,2.591,253.7,070826,8.4,W,R,S*54
$GNGGA,023715.60,3708.83383688,N,12724.87065922,E,4,24,1.0,147.4115,M,24.1325,M,1.6,1012*51
$GNTHS,78.3886,A*23
$GNTHS,78.3886,A*23
$GNTHS,78.3886,A*23
$GNTHS,78.3886,A*23
$GNRMC,023715.80,A,3708.83383601,N,12724.87049081,E,2.559,270.2,070826,8.4,W,R,S*55
$GNGGA,023715.80,3708.83383601,N,12724.87049081,E,4,23,1.1,147.4015,M,24.1325,M,1.8,1012*59
$GNTHS,77.8295,A*2F
$GNTHS,77.8295,A*2F
$GNTHS,77.8295,A*2F
$GNTHS,77.8295,A*2F
$GNRMC,023716.00,A,3708.83383676,N,12724.87032194,E,2.527,274.1,070826,8.4,W,R,S*59
$GNGGA,023716.00,3708.83383676,N,12724.87032194,E,4,23,1.1,147.4297,M,24.1325,M,1.0,1012*5B
$GNTHS,81.0255,A*22
$GNTHS,81.0255,A*22
$GNTHS,81.0255,A*22
$GNRMC,023716.20,A,3708.83382787,N,12724.87014708,E,2.546,269.8,070826,8.4,W,R,S*50
$GNGGA,023716.20,3708.83382787,N,12724.87014708,E,4,23,1.1,147.4065,M,24.1325,M,1.2,1012*5D
$GNTHS,80.1675,A*24
$GNTHS,80.1675,A*24
$GNTHS,80.1675,A*24
$GNTHS,80.1675,A*24
$GNRMC,023716.40,A,3708.83383904,N,12724.86997806,E,2.443,276.6,070826,8.4,W,R,S*54
$GNGGA,023716.40,3708.83383904,N,12724.86997806,E,4,21,1.2,147.4142,M,24.1325,M,0.4,1012*5F
$GNTHS,80.3015,A*26
$GNTHS,80.3015,A*26
$GNTHS,80.3015,A*26
$GNTHS,80.3015,A*26
$GNRMC,023716.60,A,3708.83382695,N,12724.86979893,E,2.510,266.8,070826,8.4,W,R,S*54
$GNGGA,023716.60,3708.83382695,N,12724.86979893,E,4,21,1.2,147.4640,M,24.1324,M,0.6,1012*51
$GNTHS,81.5209,A*2E
$GNTHS,81.5209,A*2E
$GNTHS,81.5209,A*2E
$GNTHS,81.5209,A*2E
$GNRMC,023716.80,A,3708.83381946,N,12724.86962641,E,2.459,267.2,070826,8.4,W,R,S*54
$GNGGA,023716.80,3708.83381946,N,12724.86962641,E,4,22,1.1,147.4512,M,24.1324,M,0.8,1012*5C
$GNTHS,80.1776,A*26
$GNTHS,80.1776,A*26
$GNTHS,80.1776,A*26
$GNTHS,80.1776,A*26
$GNRMC,023717.00,A,3708.83382374,N,12724.86945877,E,2.387,273.8,070826,8.4,W,R,S*50
$GNGGA,023717.00,3708.83382374,N,12724.86945877,E,4,21,1.2,147.4842,M,24.1324,M,1.0,1012*52
$GNTHS,82.3986,A*27
$GNTHS,82.3986,A*27
$GNTHS,82.3986,A*27
$GNTHS,82.3986,A*27
$GNRMC,023717.20,A,3708.83382060,N,12724.86926407,E,2.767,270.0,070826,8.4,W,R,S*5B
$GNGGA,023717.20,3708.83382060,N,12724.86926407,E,4,22,1.1,147.4910,M,24.1324,M,1.2,1012*5C
$GNTHS,83.0256,A*23
$GNTHS,83.0256,A*23
$GNTHS,83.0256,A*23
$GNTHS,83.0256,A*23
$GNRMC,023717.40,A,3708.83381492,N,12724.86910315,E,2.356,273.9,070826,8.4,W,R,S*5A
$GNGGA,023717.40,3708.83381492,N,12724.86910315,E,4,22,1.1,147.4546,M,24.1324,M,1.4,1012*58
$GNTHS,84.7450,A*23
$GNTHS,84.7450,A*23
$GNTHS,84.7450,A*23
$GNTHS,84.7450,A*23
$GNRMC,023717.60,A,3708.83379542,N,12724.86892626,E,1.766,277.0,070826,8.4,W,R,S*54
$GNGGA,023717.60,3708.83379542,N,12724.86892626,E,4,22,1.1,147.5180,M,24.1324,M,0.6,1012*53
$GNTHS,82.3637,A*22
$GNTHS,82.3637,A*22
$GNTHS,82.3637,A*22
$GNTHS,82.3637,A*22
$GNRMC,023717.80,A,3708.83377403,N,12724.86876082,E,1.785,274.8,070826,8.4,W,R,S*54
$GNGGA,023717.80,3708.83377403,N,12724.86876082,E,4,21,1.2,147.5229,M,24.1324,M,0.8,1012*5B
$GNTHS,81.6626,A*24
$GNTHS,81.6626,A*24
$GNTHS,81.6626,A*24
$GNTHS,81.6626,A*24
$GNRMC,023718.00,A,3708.83377763,N,12724.86858766,E,2.306,282.6,070826,8.4,W,R,S*5C
$GNGGA,023718.00,3708.83377763,N,12724.86858766,E,4,21,1.2,147.5413,M,24.1324,M,1.0,1012*5E
$GNTHS,80.3408,A*2E
$GNTHS,80.3408,A*2E
$GNTHS,80.3408,A*2E
$GNTHS,80.3408,A*2E
$GNRMC,023718.20,A,3708.83379212,N,12724.86841256,E,2.565,274.9,070826,8.4,W,R,S*58
$GNGGA,023718.20,3708.83379212,N,12724.86841256,E,4,20,1.2,147.4977,M,24.1324,M,1.2,1012*52
$GNTHS,84.0355,A*26
$GNTHS,84.0355,A*26
$GNTHS,84.0355,A*26
$GNTHS,84.0355,A*26
$GNRMC,023718.40,A,3708.83379429,N,12724.86823564,E,2.193,276.4,070826,8.4,W,R,S*50
$GNGGA,023718.40,3708.83379429,N,12724.86823564,E,4,21,1.2,147.4872,M,24.1324,M,1.4,1012*5B
$GNTHS,81.3037,A*27
$GNTHS,81.3037,A*27
$GNTHS,81.3037,A*27
$GNTHS,81.3037,A*27
$GNRMC,023718.60,A,3708.83379238,N,12724.86806630,E,2.135,270.8,070826,8.4,W,R,S*57
$GNGGA,023718.60,3708.83379238,N,12724.86806630,E,4,20,1.4,147.5092,M,24.1324,M,0.6,1012*59
$GNTHS,78.6403,A*27
$GNTHS,78.6403,A*27
$GNTHS,78.6403,A*27
$GNTHS,78.6403,A*27
$GNRMC,023718.80,A,3708.83377472,N,12724.86789413,E,2.461,263.3,070826,8.4,W,R,S*59
$GNGGA,023718.80,3708.83377472,N,12724.86789413,E,4,20,1.4,147.5120,M,24.1323,M,0.8,1012*5B
$GNTHS,78.6788,A*27
$GNTHS,78.6788,A*27
$GNTHS,78.6788,A*27
$GNTHS,78.6788,A*27
$GNRMC,023719.00,A,3708.83378286,N,12724.86772328,E,2.478,270.7,070826,8.4,W,R,S*57
$GNGGA,023719.00,3708.83378286,N,12724.86772328,E,4,21,1.1,147.4909,M,24.1323,M,1.0,1012*54
$GNTHS,78.3161,A*23
$GNTHS,78.3161,A*23
$GNTHS,78.3161,A*23
$GNTHS,78.3161,A*23
$GNRMC,023719.20,A,3708.83380586,N,12724.86754913,E,2.522,270.4,070826,8.4,W,R,S*5E
$GNGGA,023719.20,3708.83380586,N,12724.86754913,E,4,21,1.1,147.4461,M,24.1323,M,1.2,1012*51
$GNTHS,77.5228,A*24
$GNTHS,77.5228,A*24
$GNTHS,77.5228,A*24
$GNTHS,77.5228,A*24
$GNRMC,023719.40,A,3708.83379900,N,12724.86736423,E,2.560,266.4,070826,8.4,W,R,S*57
$GNGGA,023719.40,3708.83379900,N,12724.86736423,E,4,21,1.1,147.4295,M,24.1323,M,1.4,1012*52
$GNTHS,79.1054,A*27
$GNTHS,79.1054,A*27
$GNTHS,79.1054,A*27
$GNTHS,79.1054,A*27
$GNRMC,023719.60,A,3708.83379198,N,12724.86721270,E,2.113,268.5,070826,8.4,W,R,S*55
$GNGGA,023719.60,3708.83379198,N,12724.86721270,E,4,22,1.1,147.4414,M,24.1323,M,1.6,1012*51
$GNTHS,76.8567,A*24
$GNTHS,76.8567,A*24
$GNTHS,76.8567,A*24
$GNTHS,76.8567,A*24
$GNRMC,023719.80,A,3708.83376553,N,12724.86703763,E,2.349,257.2,070826,8.4,W,R,S*56
$GNGGA,023719.80,3708.83376553,N,12724.86703763,E,4,21,1.1,147.4493,M,24.1323,M,1.8,1012*56
$GNTHS,74.3373,A*2E
$GNTHS,74.3373,A*2E
$GNTHS,74.3373,A*2E
$GNTHS,74.3373,A*2E
$GNRMC,023720.00,A,3708.83375420,N,12724.86687016,E,2.607,267.1,070826,8.4,W,R,S*55
$GNGGA,023720.00,3708.83375420,N,12724.86687016,E,4,22,1.1,147.4170,M,24.1323,M,1.0,1012*59
$GNTHS,77.6258,A*20
$GNTHS,77.6258,A*20
$GNTHS,77.6258,A*20
$GNTHS,77.6258,A*20
$GNRMC,023720.20,A,3708.83375445,N,12724.86669660,E,2.581,268.0,070826,8.4,W,R,S*50
$GNGGA,023720.20,3708.83375445,N,12724.86669660,E,4,22,1.1,147.4541,M,24.1323,M,1.2,1012*5B
$GNTHS,75.9704,A*21
$GNTHS,75.9704,A*21
$GNTHS,75.9704,A*21
$GNTHS,75.9704,A*21
$GNRMC,023720.40,A,3708.83374371,N,12724.86651814,E,2.593,264.6,070826,8.4,W,R,S*58
$GNGGA,023720.40,3708.83374371,N,12724.86651814,E,4,21,1.1,147.4316,M,24.1323,M,1.4,1012*5B
$GNTHS,77.4278,A*20
$GNTHS,77.4278,A*20
$GNTHS,77.4278,A*20
$GNTHS,77.4278,A*20
$GNRMC,023720.60,A,3708.83373929,N,12724.86636726,E,2.165,265.8,070826,8.4,W,R,S*57
$GNGGA,023720.60,3708.83373929,N,12724.86636726,E,4,20,1.2,147.4438,M,24.1323,M,1.6,1012*5D
$GNTHS,74.7255,A*2F
$GNTHS,74.7255,A*2F
$GNTHS,74.7255,A*2F
$GNTHS,74.7255,A*2F
$GNRMC,023720.80,A,3708.83370615,N,12724.86620038,E,2.502,252.0,070826,8.4,W,R,S*5C
$GNGGA,023720.80,3708.83370615,N,12724.86620038,E,4,21,1.1,147.4818,M,24.1323,M,0.8,1012*5C
$GNTHS,75.2353,A*2C
$GNTHS,75.2353,A*2C
$GNTHS,75.2353,A*2C
$GNTHS,75.2353,A*2C
$GNRMC,023721.00,A,3708.83368785,N,12724.86603473,E,2.529,256.0,070826,8.4,W,R,S*53
$GNGGA,023721.00,3708.83368785,N,12724.86603473,E,4,21,1.1,147.4358,M,24.1322,M,1.0,1012*59
$GNTHS,70.7986,A*2E
$GNTHS,70.7986,A*2E
$GNTHS,70.7986,A*2E
$GNTHS,70.7986,A*2E
$GNRMC,023721.20,A,3708.83368113,N,12724.86586472,E,2.314,270.3,070826,8.4,W,R,S*58
$GNGGA,023721.20,3708.83368113,N,12724.86586472,E,4,21,1.1,147.5031,M,24.1322,M,1.2,1012*52
$GNTHS,72.4670,A*29
$GNTHS,72.4670,A*29
$GNTHS,72.4670,A*29
$GNTHS,72.4670,A*29
$GNRMC,023721.40,A,3708.83366567,N,12724.86568936,E,2.323,255.6,070826,8.4,W,R,S*5C
$GNGGA,023721.40,3708.83366567,N,12724.86568936,E,4,20,1.2,147.4698,M,24.1322,M,1.4,1012*50
$GNTHS,75.0200,A*29
$GNTHS,75.0200,A*29
$GNTHS,75.0200,A*29
$GNTHS,75.0200,A*29
$GNRMC,023721.60,A,3708.83364242,N,12724.86553356,E,2.216,259.6,070826,8.4,W,R,S*53
$GNGGA,023721.60,3708.83364242,N,12724.86553356,E,4,22,1.0,147.4697,M,24.1322,M,1.6,1012*59
$GNTHS,72.5035,A*2F
$GNTHS,72.5035,A*2F
$GNTHS,72.5035,A*2F
$GNTHS,72.5035,A*2F
$GNRMC,023721.80,A,3708.83359214,N,12724.86539384,E,2.254,239.1,070826,8.4,W,R,S*54
$GNGGA,023721.80,3708.83359214,N,12724.86539384,E,4,22,1.0,147.5234,M,24.1322,M,1.8,1012*5B
$GNTHS,67.1958,A*2D
$GNTHS,67.1958,A*2D
$GNTHS,67.1958,A*2D
$GNTHS,67.1958,A*2D
$GNRMC,023722.00,A,3708.83354388,N,12724.86522622,E,2.554,254.5,070826,8.4,W,R,S*5D
$GNGGA,023722.00,3708.83354388,N,12724.86522622,E,4,22,1.0,147.5170,M,24.1322,M,2.0,1012*52
$GNTHS,63.2408,A*22
$GNTHS,63.2408,A*22
$GNTHS,63.2408,A*22
$GNTHS,63.2408,A*22
$GNRMC,023722.20,A,3708.83351334,N,12724.86506527,E,2.455,263.8,070826,8.4,W,R,S*54
$GNGGA,023722.20,3708.83351334,N,12724.86506527,E,4,21,1.0,147.4633,M,24.1322,M,1.2,1012*51
$GNTHS,65.7833,A*25
$GNTHS,65.7833,A*25
$GNTHS,65.7833,A*25
$GNTHS,65.7833,A*25
$GNRMC,023722.40,A,3708.83347058,N,12724.86490706,E,2.585,247.0,070826,8.4,W,R,S*51
$GNGGA,023722.40,3708.83347058,N,12724.86490706,E,4,21,1.0,147.4834,M,24.1322,M,1.4,1012*59
$GNTHS,63.7276,A*28
$GNTHS,63.7276,A*28
$GNTHS,63.7276,A*28
$GNTHS,63.7276,A*28
$GNRMC,023722.60,A,3708.83343785,N,12724.86474912,E,2.462,256.3,070826,8.4,W,R,S*5A
$GNGGA,023722.60,3708.83343785,N,12724.86474912,E,4,20,1.2,147.5072,M,24.1322,M,0.6,1012*52
$GNTHS,63.1446,A*2B
$GNTHS,63.1446,A*2B
$GNTHS,63.1446,A*2B
$GNTHS,63.1446,A*2B
$GNRMC,023722.80,A,3708.83339596,N,12724.86460704,E,2.047,251.4,070826,8.4,W,R,S*56
$GNGGA,023722.80,3708.83339596,N,12724.86460704,E,4,20,1.2,147.5306,M,24.1322,M,0.8,1012*53
$GNTHS,58.7533,A*26
$GNTHS,58.7533,A*26
$GNTHS,58.7533,A*26
$GNTHS,58.7533,A*26
$GNRMC,023723.00,A,3708.83332725,N,12724.86446870,E,2.808,225.5,070826,8.4,W,R,S*57
$GNGGA,023723.00,3708.83332725,N,12724.86446870,E,4,21,1.2,147.4897,M,24.1322,M,1.0,1012*59
$GNTHS,53.7947,A*22
$GNTHS,53.7947,A*22
$GNTHS,53.7947,A*22
$GNTHS,53.7947,A*22
$GNRMC,023723.20,A,3708.83328363,N,12724.86431113,E,2.406,257.4,070826,8.4,W,R,S*52
$GNGGA,023723.20,3708.83328363,N,12724.86431113,E,4,21,1.2,147.4497,M,24.1321,M,1.2,1012*57
$GNTHS,50.9689,A*22
$GNTHS,50.9689,A*22
$GNTHS,50.9689,A*22
$GNTHS,50.9689,A*22
$GNRMC,023723.40,A,3708.83324164,N,12724.86414956,E,2.411,257.2,070826,8.4,W,R,S*53
$GNGGA,023723.40,3708.83324164,N,12724.86414956,E,4,20,1.2,147.4689,M,24.1321,M,1.4,1012*5C
$GNTHS,55.7006,A*28
$GNTHS,55.7006,A*28
$GNTHS,55.7006,A*28
$GNTHS,55.7006,A*28
$GNRMC,023723.60,A,3708.83319865,N,12724.86398714,E,2.152,235.0,070826,8.4,W,R,S*58
$GNGGA,023723.60,3708.83319865,N,12724.86398714,E,4,19,1.2,147.4062,M,24.1321,M,1.6,1012*58
$GNTHS,53.0950,A*23
$GNTHS,53.0950,A*23
$GNTHS,53.0950,A*23
$GNTHS,53.0950,A*23
$GNRMC,023723.80,A,3708.83316184,N,12724.86385172,E,1.960,253.2,070826,8.4,W,R,S*5D
$GNGGA,023723.80,3708.83316184,N,12724.86385172,E,4,19,1.2,147.3910,M,24.1321,M,0.8,1012*51
$GNTHS,52.8011,A*26
$GNTHS,52.8011,A*26
$GNTHS,52.8011,A*26
$GNTHS,52.8011,A*26
$GNRMC,023724.00,A,3708.83308911,N,12724.86372250,E,2.155,233.5,070826,8.4,W,R,S*5E
$GNGGA,023724.00,3708.83308911,N,12724.86372250,E,4,20,1.2,147.4174,M,24.1321,M,1.0,1012*50
$GNTHS,46.8089,A*22
$GNTHS,46.8089,A*22
$GNTHS,46.8089,A*22
$GNTHS,46.8089,A*22
$GNRMC,023724.20,A,3708.83302729,N,12724.86356818,E,2.467,238.2,070826,8.4,W,R,S*5B
$GNGGA,023724.20,3708.83302729,N,12724.86356818,E,4,21,1.2,147.3878,M,24.1321,M,1.2,1012*5C
$GNTHS,44.9696,A*29
$GNTHS,44.9696,A*29
$GNTHS,44.9696,A*29
$GNTHS,44.9696,A*29
$GNRMC,023724.40,A,3708.83297064,N,12724.86342574,E,1.987,246.7,070826,8.4,W,R,S*50
$GNGGA,023724.40,3708.83297064,N,12724.86342574,E,4,21,1.2,147.3909,M,24.1321,M,1.4,1012*5A
$GNTHS,46.6716,A*2D
$GNTHS,46.6716,A*2D
$GNTHS,46.6716,A*2D
$GNTHS,46.6716,A*2D
$GNRMC,023724.60,A,3708.83288945,N,12724.86327825,E,2.680,229.7,070826,8.4,W,R,S*5E
$GNGGA,023724.60,3708.83288945,N,12724.86327825,E,4,20,1.2,147.4064,M,24.1321,M,1.6,1012*50
$GNTHS,42.8070,A*20
$GNTHS,42.8070,A*20
$GNTHS,42.8070,A*20
$GNTHS,42.8070,A*20
$GNRMC,023724.80,A,3708.83281647,N,12724.86315049,E,2.443,232.9,070826,8.4,W,R,S*5E
$GNGGA,023724.80,3708.83281647,N,12724.86315049,E,4,20,1.2,147.3506,M,24.1321,M,0.8,1012*50
$GNTHS,43.7923,A*21
$GNTHS,43.7923,A*21
$GNTHS,43.7923,A*21
$GNTHS,43.7923,A*21
$GNRMC,023725.00,A,3708.83272502,N,12724.86303975,E,2.088,222.1,070826,8.4,W,R,S*52
$GNGGA,023725.00,3708.83272502,N,12724.86303975,E,4,21,1.2,147.3782,M,24.1321,M,1.0,1012*50
$GNTHS,39.9913,A*21
$GNTHS,39.9913,A*21
$GNTHS,39.9913,A*21
$GNTHS,39.9913,A*21
$GNRMC,023725.20,A,3708.83264752,N,12724.86290513,E,1.627,218.1,070826,8.4,W,R,S*5E
$GNGGA,023725.20,3708.83264752,N,12724.86290513,E,4,21,1.2,147.3208,M,24.1321,M,1.2,1012*50
$GNTHS,37.1132,A*2C
$GNTHS,37.1132,A*2C
$GNTHS,37.1132,A*2C
$GNTHS,37.1132,A*2C
$GNRMC,023725.40,A,3708.83256571,N,12724.86277803,E,1.698,237.6,070826,8.4,W,R,S*51
$GNGGA,023725.40,3708.83256571,N,12724.86277803,E,4,22,1.1,147.3531,M,24.1321,M,1.4,1012*5A
$GNTHS,36.9984,A*20
$GNTHS,36.9984,A*20
$GNTHS,36.9984,A*20
$GNTHS,36.9984,A*20
$GNRMC,023725.60,A,3708.83246774,N,12724.86264734,E,2.355,226.0,070826,8.4,W,R,S*5D
$GNGGA,023725.60,3708.83246774,N,12724.86264734,E,4,22,1.1,147.3694,M,24.1321,M,1.6,1012*59
$GNTHS,38.4973,A*2B
$GNTHS,38.4973,A*2B
$GNTHS,38.4973,A*2B
$GNTHS,38.4973,A*2B
$GNRMC,023725.80,A,3708.83238165,N,12724.86251860,E,2.348,226.4,070826,8.4,W,R,S*5C
$GNGGA,023725.80,3708.83238165,N,12724.86251860,E,4,21,1.3,147.2994,M,24.1321,M,1.8,1012*51
$GNTHS,30.9261,A*26
$GNTHS,30.9261,A*26
$GNTHS,30.9261,A*26
$GNTHS,30.9261,A*26
$GNRMC,023726.00,A,3708.83229107,N,12724.86242575,E,1.888,222.5,070826,8.4,W,R,S*59
$GNGGA,023726.00,3708.83229107,N,12724.86242575,E,4,20,1.3,147.3604,M,24.1320,M,1.0,1012*5A
$GNTHS,28.2101,A*21
$GNTHS,28.2101,A*21
$GNTHS,28.2101,A*21
$GNTHS,28.2101,A*21
$GNRMC,023726.20,A,3708.83217270,N,12724.86234182,E,2.423,209.1,070826,8.4,W,R,S*5B
$GNGGA,023726.20,3708.83217270,N,12724.86234182,E,4,22,1.1,147.3796,M,24.1320,M,1.2,1012*53
$GNTHS,24.8897,A*21
$GNTHS,24.8897,A*21
$GNTHS,24.8897,A*21
$GNTHS,24.8897,A*21
$GNRMC,023726.40,A,3708.83208956,N,12724.86224877,E,2.221,222.9,070826,8.4,W,R,S*5B
$GNGGA,023726.40,3708.83208956,N,12724.86224877,E,4,21,1.2,147.3204,M,24.1320,M,1.4,1012*5E
$GPTHS,,V*0E
$GPTHS,,V*0E
$GPTHS,,V*0E
$GPTHS,,V*0E
$GNRMC,023726.60,A,3708.83197723,N,12724.86214025,E,2.483,217.0,070826,8.4,W,R,S*5D
$GNGGA,023726.60,3708.83197723,N,12724.86214025,E,4,22,1.1,147.4111,M,24.1320,M,1.6,1012*5B
$GPTHS,,V*0E
$GPTHS,,V*0E
$GPTHS,,V*0E
$GPTHS,,V*0E
$GNRMC,023726.80,A,3708.83187414,N,12724.86203070,E,2.482,219.8,070826,8.4,W,R,S*54
$GNGGA,023726.80,3708.83187414,N,12724.86203070,E,4,22,1.1,147.3990,M,24.1320,M,1.8,1012*5D
$GPTHS,,V*0E
$GPTHS,,V*0E
$GPTHS,,V*0E
$GPTHS,,V*0E
$GNRMC,023727.00,A,3708.83177341,N,12724.86193063,E,2.287,215.1,070826,8.4,W,R,S*5B
$GNGGA,023727.00,3708.83177341,N,12724.86193063,E,4,21,1.3,147.4285,M,24.1320,M,1.0,1012*55
$GPTHS,,V*0E
$GPTHS,,V*0E
$GPTHS,,V*0E
$GPTHS,,V*0E
$GNRMC,023727.20,A,3708.83165623,N,12724.86186128,E,2.343,204.2,070826,8.4,W,R,S*5B
$GNGGA,023727.20,3708.83165623,N,12724.86186128,E,4,22,1.1,147.4344,M,24.1320,M,1.2,1012*50
$GPTHS,,V*0E
$GPTHS,,V*0E
$GPTHS,,V*0E
$GPTHS,,V*0E
$GNRMC,023727.40,A,3708.83154731,N,12724.86177125,E,2.270,213.1,070826,8.4,W,R,S*5A
$GNGGA,023727.40,3708.83154731,N,12724.86177125,E,4,22,1.1,147.3807,M,24.1320,M,1.4,1012*58
$GNTHS,23.2259,A*24
$GNTHS,23.2259,A*24
$GNTHS,23.2259,A*24
$GNTHS,23.2259,A*24
$GNRMC,023727.60,A,3708.83143828,N,12724.86168391,E,2.392,217.0,070826,8.4,W,R,S*52
$GNGGA,023727.60,3708.83143828,N,12724.86168391,E,4,22,1.2,147.3985,M,24.1320,M,0.6,1012*53
$GPTHS,,V*0E
$GPTHS,,V*0E
$GPTHS,,V*0E
$GPTHS,,V*0E
$GNRMC,023727.80,A,3708.83130877,N,12724.86161415,E,2.555,198.5,070826,8.4,W,R,S*5C
$GNGGA,023727.80,3708.83130877,N,12724.86161415,E,4,22,1.2,147.4042,M,24.1320,M,0.8,1012*5A
$GPTHS,,V*0E
$GPTHS,,V*0E
$GPTHS,,V*0E
$GPTHS,,V*0E
$GNRMC,023728.00,A,3708.83121216,N,12724.86154530,E,1.790,213.6,070826,8.4,W,R,S*5D
$GNGGA,023728.00,3708.83121216,N,12724.86154530,E,4,22,1.2,147.3684,M,24.1320,M,1.0,1012*52
$GPTHS,,V*0E
$GPTHS,,V*0E
$GPTHS,,V*0E
$GPTHS,,V*0E
$GNRMC,023728.20,A,3708.83108876,N,12724.86149239,E,1.997,189.5,070826,8.4,W,R,S*50
$GNGGA,023728.20,3708.83108876,N,12724.86149239,E,4,22,1.2,147.3826,M,24.1320,M,1.2,1012*51
$GPTHS,,V*0E
$GPTHS,,V*0E
$GPTHS,,V*0E
$GPTHS,,V*0E
$GNRMC,023728.40,A,3708.83096439,N,12724.86145547,E,2.479,186.9,070826,8.4,W,R,S*58
$GNGGA,023728.40,3708.83096439,N,12724.86145547,E,4,22,1.2,147.3568,M,24.1320,M,1.4,1012*55
$GATHS,5.5425,A*15
$GATHS,5.5425,A*15
$GATHS,5.5425,A*15
$GATHS,5.5425,A*15
$GNRMC,023728.60,A,3708.83084748,N,12724.86139289,E,2.430,213.2,070826,8.4,W,R,S*5B
$GNGGA,023728.60,3708.83084748,N,12724.86139289,E,4,22,1.2,147.3672,M,24.1320,M,0.6,1012*54
$GATHS,11.1375,A*26
$GATHS,11.1375,A*26
$GATHS,11.1375,A*26
$GATHS,11.1375,A*26
$GNRMC,023728.80,A,3708.83070306,N,12724.86134220,E,2.581,195.4,070826,8.4,W,R,S*5E
$GNGGA,023728.80,3708.83070306,N,12724.86134220,E,4,22,1.2,147.3640,M,24.1320,M,0.8,1012*5E
$GPTHS,,V*0E
$GPTHS,,V*0E
$GPTHS,,V*0E
$GPTHS,,V*0E
$GNRMC,023729.00,A,3708.83056305,N,12724.86127271,E,2.670,199.4,070826,8.4,W,R,S*57
$GNGGA,023729.00,3708.83056305,N,12724.86127271,E,4,22,1.2,147.3735,M,24.1320,M,1.0,1012*5C
$GPTHS,,V*0E
$GPTHS,,V*0E
$GPTHS,,V*0E
$GPTHS,,V*0E
$GNRMC,023729.20,A,3708.83044138,N,12724.86125782,E,2.255,188.9,070826,8.4,W,R,S*5F
$GNGGA,023729.20,3708.83044138,N,12724.86125782,E,4,23,1.1,147.3973,M,24.1320,M,1.2,1012*56
$GPTHS,,V*0E
$GPTHS,,V*0E
$GPTHS,,V*0E
$GPTHS,,V*0E
$GNRMC,023729.40,A,3708.83030636,N,12724.86124121,E,2.464,180.1,070826,8.4,W,R,S*59
$GNGGA,023729.40,3708.83030636,N,12724.86124121,E,4,23,1.1,147.3436,M,24.1320,M,1.4,1012*5E
$GPTHS,,V*0E
$GPTHS,,V*0E
$GPTHS,,V*0E
$GPTHS,,V*0E
$GNRMC,023729.60,A,3708.83017337,N,12724.86120748,E,2.328,201.3,070826,8.4,W,R,S*50
$GNGGA,023729.60,3708.83017337,N,12724.86120748,E,4,23,1.1,147.3471,M,24.1320,M,0.6,1012*50
$GPTHS,,V*0E
$GPTHS,,V*0E
$GPTHS,,V*0E
$GPTHS,,V*0E
$GNRMC,023729.80,A,3708.83002354,N,12724.86117382,E,2.662,191.6,070826,8.4,W,R,S*5D
$GNGGA,023729.80,3708.83002354,N,12724.86117382,E,4,25,0.9,147.3855,M,24.1320,M,0.8,1012*52
$GPTHS,,V*0E
$GPTHS,,V*0E
$GPTHS,,V*0E
$GPTHS,,V*0E
$GNRMC,023730.00,A,3708.82988595,N,12724.86113813,E,2.602,192.4,070826,8.4,W,R,S*5C
$GNGGA,023730.00,3708.82988595,N,12724.86113813,E,4,25,0.9,147.3707,M,24.1320,M,1.0,1012*55
$GPTHS,,V*0E
$GPTHS,,V*0E
$GPTHS,,V*0E
$GPTHS,,V*0E
$GNRMC,023730.20,A,3708.82975648,N,12724.86109437,E,2.235,192.9,070826,8.4,W,R,S*53
$GNGGA,023730.20,3708.82975648,N,12724.86109437,E,4,25,1.0,147.3830,M,24.1320,M,1.2,1012*56
$GPTHS,,V*0E
$GPTHS,,V*0E
$GPTHS,,V*0E
$GPTHS,,V*0E
$GNRMC,023730.40,A,3708.82961588,N,12724.86109493,E,2.685,174.5,070826,8.4,W,R,S*5A
$GNGGA,023730.40,3708.82961588,N,12724.86109493,E,4,25,1.0,147.4042,M,24.1320,M,1.4,1012*58
$GNTHS,33.4897,A*2B
$GNTHS,33.4897,A*2B
$GNTHS,33.4897,A*2B
$GNTHS,33.4897,A*2B
$GNRMC,023730.60,A,3708.82948325,N,12724.86105847,E,2.734,191.4,070826,8.4,W,R,S*5A
$GNGGA,023730.60,3708.82948325,N,12724.86105847,E,4,25,1.0,147.3432,M,24.1320,M,1.6,1012*5F
$GNTHS,34.1295,A*21
$GNTHS,34.1295,A*21
$GNTHS,34.1295,A*21
$GNTHS,34.1295,A*21
$GNRMC,023730.80,A,3708.82933825,N,12724.86101850,E,2.728,196.5,070826,8.4,W,R,S*5A
$GNGGA,023730.80,3708.82933825,N,12724.86101850,E,4,26,0.9,147.3733,M,24.1320,M,0.8,1012*52
$GNTHS,33.5124,A*2B
$GNTHS,33.5124,A*2B
$GNTHS,33.5124,A*2B
$GNTHS,33.5124,A*2B
$GNRMC,023731.00,A,3708.82919038,N,12724.86099039,E,2.663,181.1,070826,8.4,W,R,S*54
$GNGGA,023731.00,3708.82919038,N,12724.86099039,E,4,25,0.9,147.3378,M,24.1320,M,1.0,1012*51
$GNTHS,33.6949,A*2B
$GNTHS,33.6949,A*2B
$GNTHS,33.6949,A*2B
$GNTHS,33.6949,A*2B
$GNRMC,023731.20,A,3708.82905866,N,12724.86098744,E,2.148,182.3,070826,8.4,W,R,S*5B
$GNGGA,023731.20,3708.82905866,N,12724.86098744,E,4,26,0.9,147.3829,M,24.1320,M,1.2,1012*5F
$GNTHS,33.9029,A*2B
$GNTHS,33.9029,A*2B
$GNTHS,33.9029,A*2B
$GNTHS,33.9029,A*2B
$GNRMC,023731.40,A,3708.82891338,N,12724.86099620,E,2.633,171.1,070826,8.4,W,R,S*56
$GNGGA,023731.40,3708.82891338,N,12724.86099620,E,4,26,0.9,147.3923,M,24.1320,M,1.4,1012*5A
$GNTHS,41.1928,A*2E
$GNTHS,41.1928,A*2E
$GNTHS,41.1928,A*2E
$GNTHS,41.1928,A*2E
$GNRMC,023731.60,A,3708.82877483,N,12724.86099516,E,2.639,181.8,070826,8.4,W,R,S*51
$GNGGA,023731.60,3708.82877483,N,12724.86099516,E,4,25,0.9,147.3554,M,24.1320,M,1.6,1012*5C
$GNTHS,41.8455,A*20
$GNTHS,41.8455,A*20
$GNTHS,41.8455,A*20
$GNTHS,41.8455,A*20
$GNRMC,023731.80,A,3708.82863077,N,12724.86097944,E,2.594,193.7,070826,8.4,W,R,S*58
$GNGGA,023731.80,3708.82863077,N,12724.86097944,E,4,25,0.9,147.4031,M,24.1320,M,0.8,1012*53
$GNTHS,39.8235,A*2F
$GNTHS,39.8235,A*2F
$GNTHS,39.8235,A*2F
$GNTHS,39.8235,A*2F
$GNRMC,023732.00,A,3708.82848206,N,12724.86096786,E,2.651,180.1,070826,8.4,W,R,S*51
$GNGGA,023732.00,3708.82848206,N,12724.86096786,E,4,25,0.9,147.3619,M,24.1320,M,1.0,1012*56
$GNTHS,39.7881,A*25
$GNTHS,39.7881,A*25
$GNTHS,39.7881,A*25
$GNTHS,39.7881,A*25
$GNRMC,023732.20,A,3708.82835602,N,12724.86094671,E,2.374,186.4,070826,8.4,W,R,S*53
$GNGGA,023732.20,3708.82835602,N,12724.86094671,E,4,24,1.0,147.3053,M,24.1320,M,1.2,1012*56
$GNTHS,40.2313,A*2E
$GNTHS,40.2313,A*2E
$GNTHS,40.2313,A*2E
$GNTHS,40.2313,A*2E
$GNRMC,023732.40,A,3708.82821672,N,12724.86096115,E,2.556,171.7,070826,8.4,W,R,S*5D
$GNGGA,023732.40,3708.82821672,N,12724.86096115,E,4,24,1.0,147.3465,M,24.1320,M,1.4,1012*52
$GNTHS,38.3464,A*27
$GNTHS,38.3464,A*27
$GNTHS,38.3464,A*27
$GNTHS,38.3464,A*27
$GNRMC,023732.60,A,3708.82807602,N,12724.86095621,E,2.640,181.2,070826,8.4,W,R,S*51
$GNGGA,023732.60,3708.82807602,N,12724.86095621,E,4,24,1.0,147.3205,M,24.1320,M,1.6,1012*52
$GNTHS,38.9479,A*21
$GNTHS,38.9479,A*21
$GNTHS,38.9479,A*21
$GNTHS,38.9479,A*21
$GNRMC,023732.80,A,3708.82793842,N,12724.86094733,E,2.424,187.2,070826,8.4,W,R,S*52
$GNGGA,023732.80,3708.82793842,N,12724.86094733,E,4,24,0.9,147.3556,M,24.1320,M,1.8,1012*50
$GNTHS,36.7912,A*21
$GNTHS,36.7912,A*21
$GNTHS,36.7912,A*21
$GNTHS,36.7912,A*21
$GNRMC,023733.00,A,3708.82779278,N,12724.86094409,E,2.512,181.8,070826,8.4,W,R,S*5E
$GNGGA,023733.00,3708.82779278,N,12724.86094409,E,4,26,0.9,147.3524,M,24.1320,M,1.0,1012*5B
$GNTHS,36.3370,A*2B
$GNTHS,36.3370,A*2B
$GNTHS,36.3370,A*2B
$GNTHS,36.3370,A*2B
$GNRMC,023733.20,A,3708.82766524,N,12724.86090681,E,2.490,187.9,070826,8.4,W,R,S*56
$GNGGA,023733.20,3708.82766524,N,12724.86090681,E,4,25,0.9,147.2870,M,24.1320,M,1.2,1012*53
$GNTHS,37.4688,A*2F
$GNTHS,37.4688,A*2F
$GNTHS,37.4688,A*2F
$GNTHS,37.4688,A*2F
$GNRMC,023733.40,A,3708.82752675,N,12724.86092179,E,2.506,172.7,070826,8.4,W,R,S*58
$GNGGA,023733.40,3708.82752675,N,12724.86092179,E,4,24,1.0,147.3164,M,24.1320,M,1.4,1012*55
$GNTHS,36.9494,A*2C
$GNTHS,36.9494,A*2C
$GNTHS,36.9494,A*2C
$GNTHS,36.9494,A*2C
$GNRMC,023733.60,A,3708.82738695,N,12724.86093177,E,2.686,172.2,070826,8.4,W,R,S*59
$GNGGA,023733.60,3708.82738695,N,12724.86093177,E,4,26,0.9,147.2932,M,24.1320,M,0.6,1012*59
$GNTHS,36.7749,A*21
$GNTHS,36.7749,A*21
$GNTHS,36.7749,A*21
$GNTHS,36.7749,A*21
$GNRMC,023733.80,A,3708.82724517,N,12724.86092196,E,2.612,188.1,070826,8.4,W,R,S*56
$GNGGA,023733.80,3708.82724517,N,12724.86092196,E,4,26,0.9,147.3009,M,24.1320,M,0.8,1012*53
$GNTHS,36.8967,A*2C
$GNTHS,36.8967,A*2C
$GNTHS,36.8967,A*2C
$GNTHS,36.8967,A*2C
$GNRMC,023734.00,A,3708.82710008,N,12724.86092143,E,2.589,182.8,070826,8.4,W,R,S*5F
$GNGGA,023734.00,3708.82710008,N,12724.86092143,E,4,26,0.9,147.3046,M,24.1320,M,1.0,1012*5A
$GNTHS,37.1636,A*2F
$GNTHS,37.1636,A*2F
$GNTHS,37.1636,A*2F
$GNTHS,37.1636,A*2F
$GNRMC,023734.20,A,3708.82696460,N,12724.86090142,E,2.516,184.1,070826,8.4,W,R,S*52
$GNGGA,023734.20,3708.82696460,N,12724.86090142,E,4,26,0.9,147.3005,M,24.1320,M,1.2,1012*5B
$GNTHS,37.0655,A*2B
$GNTHS,37.0655,A*2B
$GNTHS,37.0655,A*2B
$GNTHS,37.0655,A*2B
$GNRMC,023734.40,A,3708.82684148,N,12724.86090006,E,2.203,180.8,070826,8.4,W,R,S*57
$GNGGA,023734.40,3708.82684148,N,12724.86090006,E,4,26,0.9,147.3411,M,24.1320,M,1.4,1012*57
$GNTHS,35.7862,A*24
$GNTHS,35.7862,A*24
$GNTHS,35.7862,A*24
$GNTHS,35.7862,A*24
$GNRMC,023734.60,A,3708.82669803,N,12724.86092366,E,2.713,168.2,070826,8.4,W,R,S*5F
$GNGGA,023734.60,3708.82669803,N,12724.86092366,E,4,26,0.9,147.3488,M,24.1320,M,0.6,1012*54
$GNTHS,35.5500,A*2F
$GNTHS,35.5500,A*2F
$GNTHS,35.5500,A*2F
$GNTHS,35.5500,A*2F
$GNRMC,023734.80,A,3708.82656737,N,12724.86091034,E,2.417,188.7,070826,8.4,W,R,S*5E
$GNGGA,023734.80,3708.82656737,N,12724.86091034,E,4,26,0.9,147.3617,M,24.1320,M,0.8,1012*53
$GNTHS,34.4137,A*2F
$GNTHS,34.4137,A*2F
$GNTHS,34.4137,A*2F
$GNTHS,34.4137,A*2F
$GNRMC,023735.00,A,3708.82642568,N,12724.86090609,E,2.536,185.1,070826,8.4,W,R,S*5A
$GNGGA,023735.00,3708.82642568,N,12724.86090609,E,4,26,0.8,147.3770,M,24.1320,M,1.0,1012*56
$GNTHS,33.3482,A*24
$GNTHS,33.3482,A*24
$GNTHS,33.3482,A*24
$GNTHS,33.3482,A*24
$GNRMC,023735.20,A,3708.82627529,N,12724.86088321,E,2.733,185.2,070826,8.4,W,R,S*5C
$GNGGA,023735.20,3708.82627529,N,12724.86088321,E,4,28,0.7,147.3058,M,24.1320,M,1.2,1012*5A
$GNTHS,36.2816,A*21
$GNTHS,36.2816,A*21
$GNTHS,36.2816,A*21
$GNRMC,023735.40,A,3708.82614031,N,12724.86088072,E,2.115,183.7,070826,8.4,W,R,S*52
$GNGGA,023735.40,3708.82614031,N,12724.86088072,E,4,27,0.8,147.3428,M,24.1320,M,1.4,1012*50
$GNTHS,42.4674,A*2E
$GNTHS,42.4674,A*2E
$GNTHS,42.4674,A*2E
$GNTHS,42.4674,A*2E
$GNRMC,023735.60,A,3708.82600136,N,12724.86090346,E,2.543,168.3,070826,8.4,W,R,S*58
$GNGGA,023735.60,3708.82600136,N,12724.86090346,E,4,27,0.7,147.3522,M,24.1320,M,0.6,1012*5B
$GNTHS,42.5583,A*24
$GNTHS,42.5583,A*24
$GNTHS,42.5583,A*24
$GNTHS,42.5583,A*24
$GNRMC,023735.80,A,3708.82586136,N,12724.86089707,E,2.588,186.2,070826,8.4,W,R,S*54
$GNGGA,023735.80,3708.82586136,N,12724.86089707,E,4,28,0.7,147.3537,M,24.1320,M,0.8,1012*54
$GNTHS,42.5589,A*2E
$GNTHS,42.5589,A*2E
$GNTHS,42.5589,A*2E
$GNTHS,42.5589,A*2E
$GNRMC,023736.00,A,3708.82571911,N,12724.86089113,E,2.491,185.1,070826,8.4,W,R,S*50
$GNGGA,023736.00,3708.82571911,N,12724.86089113,E,4,28,0.7,147.3662,M,24.1320,M,1.0,1012*53
$GNTHS,42.7442,A*2A
$GNTHS,42.7442,A*2A
$GNTHS,42.7442,A*2A
$GNTHS,42.7442,A*2A
$GNRMC,023736.20,A,3708.82556825,N,12724.86088469,E,2.846,178.1,070826,8.4,W,R,S*5C
$GNGGA,023736.20,3708.82556825,N,12724.86088469,E,4,28,0.7,147.3290,M,24.1320,M,1.2,1012*50
$GNTHS,42.8230,A*26
$GNTHS,42.8230,A*26
$GNTHS,42.8230,A*26
$GNTHS,42.8230,A*26
$GNRMC,023736.40,A,3708.82543596,N,12724.86087103,E,2.363,188.6,070826,8.4,W,R,S*59
$GNGGA,023736.40,3708.82543596,N,12724.86087103,E,4,29,0.7,147.2800,M,24.1320,M,1.4,1012*54
$GNTHS,43.1024,A*29
$GNTHS,43.1024,A*29
$GNTHS,43.1024,A*29
$GNTHS,43.1024,A*29
$GNRMC,023736.60,A,3708.82528548,N,12724.86088477,E,2.892,171.8,070826,8.4,W,R,S*51
$GNGGA,023736.60,3708.82528548,N,12724.86088477,E,4,28,0.7,147.2911,M,24.1320,M,1.6,1012*53
$GNTHS,43.5023,A*2A
$GNTHS,43.5023,A*2A
$GNTHS,43.5023,A*2A
$GNTHS,43.5023,A*2A
$GNRMC,023736.80,A,3708.82514609,N,12724.86088798,E,2.667,176.7,070826,8.4,W,R,S*58
$GNGGA,023736.80,3708.82514609,N,12724.86088798,E,4,28,0.7,147.2650,M,24.1320,M,0.8,1012*53
$GNTHS,43.7439,A*27
$GNTHS,43.7439,A*27
$GNTHS,43.7439,A*27
$GNTHS,43.7439,A*27
$GNRMC,023737.00,A,3708.82501026,N,12724.86087845,E,2.306,188.3,070826,8.4,W,R,S*59
$GNGGA,023737.00,3708.82501026,N,12724.86087845,E,4,29,0.7,147.2955,M,24.1320,M,1.0,1012*57
$GNTHS,44.0273,A*2F
$GNTHS,44.0273,A*2F
$GNTHS,44.0273,A*2F
$GNTHS,44.0273,A*2F
$GNRMC,023737.20,A,3708.82485679,N,12724.86088290,E,2.694,178.2,070826,8.4,W,R,S*57
$GNGGA,023737.20,3708.82485679,N,12724.86088290,E,4,28,0.7,147.3017,M,24.1320,M,1.2,1012*54
$GNTHS,42.8825,A*28
$GNTHS,42.8825,A*28
$GNTHS,42.8825,A*28
$GNTHS,42.8825,A*28
$GNRMC,023737.40,A,3708.82472477,N,12724.86088122,E,2.303,183.5,070826,8.4,W,R,S*57
$GNGGA,023737.40,3708.82472477,N,12724.86088122,E,4,29,0.7,147.3361,M,24.1320,M,1.4,1012*59
$GNTHS,44.7380,A*25
$GNTHS,44.7380,A*25
$GNTHS,44.7380,A*25
$GNTHS,44.7380,A*25
$GNRMC,023737.60,A,3708.82458930,N,12724.86090005,E,2.435,170.0,070826,8.4,W,R,S*55
$GNGGA,023737.60,3708.82458930,N,12724.86090005,E,4,29,0.7,147.3763,M,24.1320,M,1.6,1012*54
$GNTHS,44.2948,A*2E
$GNTHS,44.2948,A*2E
$GNTHS,44.2948,A*2E
$GNTHS,44.2948,A*2E
$GNRMC,023737.80,A,3708.82444471,N,12724.86092068,E,2.756,174.1,070826,8.4,W,R,S*54
$GNGGA,023737.80,3708.82444471,N,12724.86092068,E,4,28,0.7,147.3450,M,24.1320,M,0.8,1012*5B
$GNTHS,44.2191,A*22
$GNTHS,44.2191,A*22
$GNTHS,44.2191,A*22
$GNTHS,44.2191,A*22
$GNRMC,023738.00,A,3708.82430463,N,12724.86090526,E,2.489,191.4,070826,8.4,W,R,S*51
$GNGGA,023738.00,3708.82430463,N,12724.86090526,E,4,28,0.7,147.3703,M,24.1320,M,1.0,1012*5D
$GNTHS,44.3095,A*26
$GNTHS,44.3095,A*26
$GNTHS,44.3095,A*26
$GNTHS,44.3095,A*26
$GNRMC,023738.20,A,3708.82415630,N,12724.86090622,E,2.755,180.3,070826,8.4,W,R,S*52
$GNGGA,023738.20,3708.82415630,N,12724.86090622,E,4,28,0.7,147.3671,M,24.1320,M,1.2,1012*5D
$GNTHS,44.3281,A*21
$GNTHS,44.3281,A*21
$GNTHS,44.3281,A*21
$GNTHS,44.3281,A*21
$GNRMC,023738.40,A,3708.82402719,N,12724.86088914,E,2.486,183.7,070826,8.4,W,R,S*51
$GNGGA,023738.40,3708.82402719,N,12724.86088914,E,4,26,0.8,147.3094,M,24.1320,M,1.4,1012*5E
$GNTHS,47.1309,A*21
$GNTHS,47.1309,A*21
$GNTHS,47.1309,A*21
$GNTHS,47.1309,A*21
$GNRMC,023738.60,A,3708.82389660,N,12724.86089738,E,2.272,175.2,070826,8.4,W,R,S*58
$GNGGA,023738.60,3708.82389660,N,12724.86089738,E,4,27,0.7,147.3321,M,24.1320,M,1.6,1012*57
$GNTHS,47.3363,A*2F
$GNTHS,47.3363,A*2F
$GNTHS,47.3363,A*2F
$GNTHS,47.3363,A*2F
$GNRMC,023738.80,A,3708.82375201,N,12724.86090940,E,2.689,173.9,070826,8.4,W,R,S*52
$GNGGA,023738.80,3708.82375201,N,12724.86090940,E,4,28,0.7,147.3374,M,24.1320,M,0.8,1012*50
$GNTHS,47.5167,A*2F
$GNTHS,47.5167,A*2F
$GNTHS,47.5167,A*2F
$GNTHS,47.5167,A*2F
$GNRMC,023739.00,A,3708.82361336,N,12724.86088696,E,2.539,192.9,070826,8.4,W,R,S*51
$GNGGA,023739.00,3708.82361336,N,12724.86088696,E,4,28,0.7,147.3268,M,24.1320,M,1.0,1012*51
$GNTHS,47.6305,A*2A
$GNTHS,47.6305,A*2A
$GNTHS,47.6305,A*2A
$GNTHS,47.6305,A*2A
$GNRMC,023739.20,A,3708.82346766,N,12724.86088277,E,2.600,181.2,070826,8.4,W,R,S*5C
$GNGGA,023739.20,3708.82346766,N,12724.86088277,E,4,28,0.7,147.3434,M,24.1320,M,1.2,1012*51
$GNTHS,47.8065,A*21
$GNTHS,47.8065,A*21
$GNTHS,47.8065,A*21
$GNTHS,47.8065,A*21
$GNRMC,023739.40,A,3708.82332139,N,12724.86087243,E,2.452,184.2,070826,8.4,W,R,S*5D
$GNGGA,023739.40,3708.82332139,N,12724.86087243,E,4,27,0.8,147.3442,M,24.1320,M,1.4,1012*57
$GNTHS,47.7728,A*20
$GNTHS,47.7728,A*20
$GNTHS,47.7728,A*20
$GNTHS,47.7728,A*20
$GNRMC,023739.60,A,3708.82319127,N,12724.86087060,E,2.151,181.2,070826,8.4,W,R,S*59
$GNGGA,023739.60,3708.82319127,N,12724.86087060,E,4,27,0.8,147.3519,M,24.1320,M,1.6,1012*5D
$GNTHS,47.8379,A*2F
$GNTHS,47.8379,A*2F
$GNTHS,47.8379,A*2F
$GNTHS,47.8379,A*2F
$GNRMC,023739.80,A,3708.82305242,N,12724.86088239,E,2.601,172.5,070826,8.4,W,R,S*52
$GNGGA,023739.80,3708.82305242,N,12724.86088239,E,4,28,0.7,147.3496,M,24.1320,M,1.8,1012*57
$GNTHS,47.8824,A*2C
$GNTHS,47.8824,A*2C
$GNTHS,47.8824,A*2C
$GNTHS,47.8824,A*2C
$GNRMC,023740.00,A,3708.82292362,N,12724.86086689,E,2.267,192.1,070826,8.4,W,R,S*57
$GNGGA,023740.00,3708.82292362,N,12724.86086689,E,4,28,0.7,147.3339,M,24.1320,M,1.0,1012*56
$GNTHS,47.8622,A*24
$GNTHS,47.8622,A*24
$GNTHS,47.8622,A*24
$GNTHS,47.8622,A*24
$GNRMC,023740.20,A,3708.82278641,N,12724.86085396,E,2.543,185.0,070826,8.4,W,R,S*5B
$GNGGA,023740.20,3708.82278641,N,12724.86085396,E,4,27,0.7,147.3634,M,24.1320,M,1.2,1012*59
$GNTHS,48.0207,A*20
$GNTHS,48.0207,A*20
$GNTHS,48.0207,A*20
$GNTHS,48.0207,A*20
$GNRMC,023740.40,A,3708.82264908,N,12724.86083070,E,2.609,186.9,070826,8.4,W,R,S*58
$GNGGA,023740.40,3708.82264908,N,12724.86083070,E,4,27,0.8,147.3399,M,24.1320,M,1.4,1012*56
$GNTHS,48.8100,A*2C
$GNTHS,48.8100,A*2C
$GNTHS,48.8100,A*2C
$GNTHS,48.8100,A*2C
$GNRMC,023740.60,A,3708.82252697,N,12724.86080666,E,2.182,190.9,070826,8.4,W,R,S*57
$GNGGA,023740.60,3708.82252697,N,12724.86080666,E,4,27,0.8,147.3371,M,24.1320,M,1.6,1012*5E
$GNTHS,49.0445,A*21
$GNTHS,49.0445,A*21
$GNTHS,49.0445,A*21
$GNTHS,49.0445,A*21
$GNRMC,023740.80,A,3708.82238910,N,12724.86079152,E,2.463,180.6,070826,8.4,W,R,S*57
$GNGGA,023740.80,3708.82238910,N,12724.86079152,E,4,27,0.8,147.3540,M,24.1320,M,0.8,1012*51
$GNTHS,49.1807,A*2A
$GNTHS,49.1807,A*2A
$GNTHS,49.1807,A*2A
$GNTHS,49.1807,A*2A
$GNRMC,023741.00,A,3708.82225777,N,12724.86076633,E,2.318,193.1,070826,8.4,W,R,S*5C
$GNGGA,023741.00,3708.82225777,N,12724.86076633,E,4,27,0.8,147.3549,M,24.1320,M,1.0,1012*54
$GNTHS,49.4352,A*24
$GNTHS,49.4352,A*24
$GNTHS,49.4352,A*24
$GNTHS,49.4352,A*24
$GNRMC,023741.20,A,3708.82212641,N,12724.86074071,E,2.409,190.4,070826,8.4,W,R,S*5D
$GNGGA,023741.20,3708.82212641,N,12724.86074071,E,4,27,0.8,147.3600,M,24.1320,M,1.2,1012*58
$GNTHS,49.6574,A*24
$GNTHS,49.6574,A*24
$GNTHS,49.6574,A*24
$GNTHS,49.6574,A*24
$GNRMC,023741.40,A,3708.82198004,N,12724.86073244,E,2.652,176.4,070826,8.4,W,R,S*5A
$GNGGA,023741.40,3708.82198004,N,12724.86073244,E,4,27,0.8,147.3616,M,24.1320,M,1.4,1012*5A
$GNTHS,47.1800,A*23
$GNTHS,47.1800,A*23
$GNTHS,47.1800,A*23
$GNTHS,47.1800,A*23
$GNRMC,023741.60,A,3708.82185036,N,12724.86071306,E,2.248,193.4,070826,8.4,W,R,S*54
$GNGGA,023741.60,3708.82185036,N,12724.86071306,E,4,27,0.7,147.3568,M,24.1320,M,0.6,1012*56
$GNTHS,48.3420,A*20
$GNTHS,48.3420,A*20
$GNTHS,48.3420,A*20
$GNTHS,48.3420,A*20
$GNRMC,023741.80,A,3708.82171225,N,12724.86071469,E,2.571,174.4,070826,8.4,W,R,S*5B
$GNGGA,023741.80,3708.82171225,N,12724.86071469,E,4,28,0.7,147.3755,M,24.1320,M,0.8,1012*50
$GNTHS,48.5917,A*2F
$GNTHS,48.5917,A*2F
$GNTHS,48.5917,A*2F
$GNTHS,48.5917,A*2F
$GNRMC,023742.00,A,3708.82156869,N,12724.86071843,E,2.660,177.5,070826,8.4,W,R,S*52
$GNGGA,023742.00,3708.82156869,N,12724.86071843,E,4,29,0.7,147.3575,M,24.1320,M,1.0,1012*50
$GNTHS,48.7779,A*2B
$GNTHS,48.7779,A*2B
$GNTHS,48.7779,A*2B
$GNTHS,48.7779,A*2B
$GNRMC,023742.20,A,3708.82143137,N,12724.86070594,E,2.447,187.4,070826,8.4,W,R,S*59
$GNGGA,023742.20,3708.82143137,N,12724.86070594,E,4,29,0.7,147.3634,M,24.1320,M,1.2,1012*56
$GNTHS,49.0624,A*24
$GNTHS,49.0624,A*24
$GNTHS,49.0624,A*24
$GNTHS,49.0624,A*24
$GNRMC,023742.40,A,3708.82128826,N,12724.86069268,E,2.631,180.9,070826,8.4,W,R,S*5E
$GNGGA,023742.40,3708.82128826,N,12724.86069268,E,4,29,0.7,147.3643,M,24.1320,M,1.4,1012*5E
$GNTHS,47.3165,A*2B
$GNRMC,023742.60,A,3708.82115696,N,12724.86068114,E,2.323,184.8,070826,8.4,W,R,S*5D
$GNGGA,023742.60,3708.82115696,N,12724.86068114,E,4,28,0.7,147.3527,M,24.1320,M,1.6,1012*5C
$GNTHS,47.2879,A*2E
$GNTHS,47.2879,A*2E
$GNTHS,47.2879,A*2E
$GNRMC,023742.80,A,3708.82103123,N,12724.86070176,E,2.198,168.5,070826,8.4,W,R,S*5D
$GNGGA,023742.80,3708.82103123,N,12724.86070176,E,4,29,0.7,147.3728,M,24.1320,M,0.8,1012*52
$GNTHS,47.2737,A*2B
$GNTHS,47.2737,A*2B
$GNTHS,47.2737,A*2B
$GNTHS,47.2737,A*2B
$GNRMC,023743.00,A,3708.82088890,N,12724.86071063,E,2.723,177.4,070826,8.4,W,R,S*5A
$GNGGA,023743.00,3708.82088890,N,12724.86071063,E,4,30,0.7,147.3420,M,24.1320,M,1.0,1012*56
$GNTHS,47.2987,A*2E
$GNTHS,47.2987,A*2E
$GNTHS,47.2987,A*2E
$GNTHS,47.2987,A*2E
$GNRMC,023743.20,A,3708.82074985,N,12724.86067212,E,2.630,198.5,070826,8.4,W,R,S*5E
$GNGGA,023743.20,3708.82074985,N,12724.86067212,E,4,29,0.7,147.3560,M,24.1320,M,1.2,1012*5E
$GNTHS,47.4303,A*2E
$GNTHS,47.4303,A*2E
$GNTHS,47.4303,A*2E
$GNTHS,47.4303,A*2E
$GNRMC,023743.40,A,3708.82060497,N,12724.86068474,E,2.528,170.4,070826,8.4,W,R,S*57
$GNGGA,023743.40,3708.82060497,N,12724.86068474,E,4,30,0.7,147.3700,M,24.1320,M,1.4,1012*50
$GNTHS,45.0758,A*22
$GNTHS,45.0758,A*22
$GNTHS,45.0758,A*22
$GNTHS,45.0758,A*22
$GNRMC,023743.60,A,3708.82047482,N,12724.86067342,E,2.370,182.0,070826,8.4,W,R,S*5B
$GNGGA,023743.60,3708.82047482,N,12724.86067342,E,4,30,0.7,147.3511,M,24.1320,M,1.6,1012*5E
$GNTHS,45.1462,A*29
$GNTHS,45.1462,A*29
$GNTHS,45.1462,A*29
$GNTHS,45.1462,A*29
$GNRMC,023743.80,A,3708.82034399,N,12724.86068682,E,2.280,178.0,070826,8.4,W,R,S*51
$GNGGA,023743.80,3708.82034399,N,12724.86068682,E,4,30,0.7,147.3909,M,24.1320,M,1.8,1012*54
$GNTHS,45.1093,A*23
$GNTHS,45.1093,A*23
$GNTHS,45.1093,A*23
$GNTHS,45.1093,A*23
$GNRMC,023744.00,A,3708.82020047,N,12724.86070541,E,2.725,168.3,070826,8.4,W,R,S*56
$GNGGA,023744.00,3708.82020047,N,12724.86070541,E,4,28,0.7,147.3748,M,24.1320,M,1.0,1012*51
$GNTHS,44.9245,A*23
$GNTHS,44.9245,A*23
$GNTHS,44.9245,A*23
$GNTHS,44.9245,A*23
$GNRMC,023744.20,A,3708.82006977,N,12724.86070091,E,2.407,187.2,070826,8.4,W,R,S*51
$GNGGA,023744.20,3708.82006977,N,12724.86070091,E,4,29,0.7,147.3627,M,24.1320,M,1.2,1012*5E
$GNTHS,45.1107,A*2F
$GNTHS,45.1107,A*2F
$GNTHS,45.1107,A*2F
$GNTHS,45.1107,A*2F
$GNRMC,023744.40,A,3708.81992587,N,12724.86069631,E,2.576,186.3,070826,8.4,W,R,S*50
$GNGGA,023744.40,3708.81992587,N,12724.86069631,E,4,30,0.7,147.3690,M,24.1320,M,1.4,1012*5A
$GNTHS,41.9520,A*22
$GNTHS,41.9520,A*22
$GNTHS,41.9520,A*22
$GNTHS,41.9520,A*22
$GNRMC,023744.60,A,3708.81978609,N,12724.86069797,E,2.576,175.9,070826,8.4,W,R,S*58
$GNGGA,023744.60,3708.81978609,N,12724.86069797,E,4,30,0.7,147.3646,M,24.1320,M,1.6,1012*5D
$GNTHS,41.7514,A*2B
$GNTHS,41.7514,A*2B
$GNTHS,41.7514,A*2B
$GNTHS,41.7514,A*2B
$GNRMC,023744.80,A,3708.81966228,N,12724.86069055,E,2.252,181.7,070826,8.4,W,R,S*53
$GNGGA,023744.80,3708.81966228,N,12724.86069055,E,4,30,0.7,147.3753,M,24.1320,M,0.8,1012*58
$GNTHS,41.8082,A*2E
$GNTHS,41.8082,A*2E
$GNTHS,41.8082,A*2E
$GNTHS,41.8082,A*2E
$GNRMC,023745.00,A,3708.81951753,N,12724.86071097,E,2.563,173.3,070826,8.4,W,R,S*5C
$GNGGA,023745.00,3708.81951753,N,12724.86071097,E,4,30,0.7,147.3809,M,24.1320,M,1.0,1012*52
$GNTHS,41.7337,A*2C
$GNTHS,41.7337,A*2C
$GNTHS,41.7337,A*2C
$GNTHS,41.7337,A*2C
$GNRMC,023745.20,A,3708.81938096,N,12724.86068759,E,2.503,189.8,070826,8.4,W,R,S*5A
$GNGGA,023745.20,3708.81938096,N,12724.86068759,E,4,30,0.7,147.3607,M,24.1320,M,1.2,1012*5E
$GNTHS,41.7935,A*24
$GNTHS,41.7935,A*24
$GNTHS,41.7935,A*24
$GNTHS,41.7935,A*24
$GNRMC,023745.40,A,3708.81924239,N,12724.86067092,E,2.477,189.5,070826,8.4,W,R,S*56
$GNGGA,023745.40,3708.81924239,N,12724.86067092,E,4,30,0.7,147.3909,M,24.1320,M,1.4,1012*5A
$GNTHS,41.5042,A*2F
$GNTHS,41.5042,A*2F
$GNTHS,41.5042,A*2F
$GNTHS,41.5042,A*2F
$GNRMC,023745.60,A,3708.81909853,N,12724.86068029,E,2.734,171.8,070826,8.4,W,R,S*5C
$GNGGA,023745.60,3708.81909853,N,12724.86068029,E,4,30,0.7,147.3626,M,24.1320,M,0.6,1012*5F
$GNTHS,41.5655,A*2F
$GNTHS,41.5655,A*2F
$GNTHS,41.5655,A*2F
$GNTHS,41.5655,A*2F
$GNRMC,023745.80,A,3708.81896935,N,12724.86066388,E,2.131,188.4,070826,8.4,W,R,S*5B
$GNGGA,023745.80,3708.81896935,N,12724.86066388,E,4,32,0.6,147.3697,M,24.1320,M,0.8,1012*56
$GNTHS,41.6475,A*2C
$GNTHS,41.6475,A*2C
$GNTHS,41.6475,A*2C
$GNTHS,41.6475,A*2C
$GNRMC,023746.00,A,3708.81883201,N,12724.86068641,E,2.527,173.0,070826,8.4,W,R,S*55
$GNGGA,023746.00,3708.81883201,N,12724.86068641,E,4,31,0.6,147.3976,M,24.1320,M,1.0,1012*51
$GNTHS,41.6891,A*2A
$GNTHS,41.6891,A*2A
$GNTHS,41.6891,A*2A
$GNTHS,41.6891,A*2A
$GNRMC,023746.20,A,3708.81869275,N,12724.86069496,E,2.598,174.5,070826,8.4,W,R,S*5F
$GNGGA,023746.20,3708.81869275,N,12724.86069496,E,4,31,0.6,147.3737,M,24.1320,M,1.2,1012*54
$GNTHS,41.7355,A*28
$GNTHS,41.7355,A*28
$GNTHS,41.7355,A*28
$GNTHS,41.7355,A*28
$GNRMC,023746.40,A,3708.81855294,N,12724.86068614,E,2.406,186.0,070826,8.4,W,R,S*5E
$GNGGA,023746.40,3708.81855294,N,12724.86068614,E,4,31,0.6,147.3633,M,24.1320,M,1.4,1012*58
$GNTHS,41.8652,A*25
$GNTHS,41.8652,A*25
$GNTHS,41.8652,A*25
$GNTHS,41.8652,A*25
$GNRMC,023746.60,A,3708.81841161,N,12724.86070314,E,2.632,173.2,070826,8.4,W,R,S*51
$GNGGA,023746.60,3708.81841161,N,12724.86070314,E,4,33,0.6,147.3671,M,24.1320,M,1.6,1012*5C
$GNTHS,40.2908,A*2E
$GNTHS,40.2908,A*2E
$GNTHS,40.2908,A*2E
$GNTHS,40.2908,A*2E
$GNRMC,023746.80,A,3708.81828203,N,12724.86070492,E,2.337,177.9,070826,8.4,W,R,S*51
$GNGGA,023746.80,3708.81828203,N,12724.86070492,E,4,33,0.6,147.3723,M,24.1320,M,0.8,1012*5A
$GNTHS,40.4257,A*29
$GNTHS,40.4257,A*29
$GNTHS,40.4257,A*29
$GNTHS,40.4257,A*29
$GNRMC,023747.00,A,3708.81814390,N,12724.86073261,E,2.517,168.0,070826,8.4,W,R,S*56
$GNGGA,023747.00,3708.81814390,N,12724.86073261,E,4,34,0.5,147.3738,M,24.1320,M,1.0,1012*59
$GNTHS,40.4437,A*29
$GNTHS,40.4437,A*29
$GNTHS,40.4437,A*29
$GNTHS,40.4437,A*29
$GNRMC,023747.20,A,3708.81800499,N,12724.86075514,E,2.667,172.4,070826,8.4,W,R,S*57
$GNGGA,023747.20,3708.81800499,N,12724.86075514,E,4,33,0.6,147.3496,M,24.1320,M,1.2,1012*52
$GNTHS,40.5686,A*20
$GNTHS,40.5686,A*20
$GNTHS,40.5686,A*20
$GNTHS,40.5686,A*20
$GNRMC,023747.40,A,3708.81787325,N,12724.86075405,E,2.346,187.2,070826,8.4,W,R,S*5A
$GNGGA,023747.40,3708.81787325,N,12724.86075405,E,4,33,0.6,147.3670,M,24.1320,M,1.4,1012*59
$GNTHS,40.7044,A*2A
$GNTHS,40.7044,A*2A
$GNTHS,40.7044,A*2A
$GNTHS,40.7044,A*2A
$GNRMC,023747.60,A,3708.81772852,N,12724.86077251,E,2.620,175.0,070826,8.4,W,R,S*56
$GNGGA,023747.60,3708.81772852,N,12724.86077251,E,4,32,0.6,147.3742,M,24.1320,M,1.6,1012*5C
$GNTHS,39.4031,A*25
$GNTHS,39.4031,A*25
$GNTHS,39.4031,A*25
$GNTHS,39.4031,A*25
$GNRMC,023747.80,A,3708.81759438,N,12724.86078026,E,2.383,173.4,070826,8.4,W,R,S*52
$GNGGA,023747.80,3708.81759438,N,12724.86078026,E,4,33,0.6,147.3542,M,24.1320,M,0.8,1012*5A
$GNTHS,39.5510,A*22
$GNTHS,39.5510,A*22
$GNTHS,39.5510,A*22
$GNTHS,39.5510,A*22
$GNRMC,023748.00,A,3708.81746184,N,12724.86081852,E,2.390,166.0,070826,8.4,W,R,S*56
$GNGGA,023748.00,3708.81746184,N,12724.86081852,E,4,34,0.6,147.3752,M,24.1320,M,1.0,1012*51
$GNTHS,39.5848,A*22
$GNTHS,39.5848,A*22
$GNTHS,39.5848,A*22
$GNTHS,39.5848,A*22
$GNRMC,023748.20,A,3708.81731534,N,12724.86084783,E,2.799,169.5,070826,8.4,W,R,S*5A
$GNGGA,023748.20,3708.81731534,N,12724.86084783,E,4,33,0.6,147.3275,M,24.1320,M,1.2,1012*5F
$GNTHS,39.6361,A*21
$GNTHS,39.6361,A*21
$GNTHS,39.6361,A*21
$GNTHS,39.6361,A*21
$GNRMC,023748.40,A,3708.81717340,N,12724.86085790,E,2.505,183.7,070826,8.4,W,R,S*5F
$GNGGA,023748.40,3708.81717340,N,12724.86085790,E,4,31,0.6,147.3258,M,24.1320,M,1.4,1012*50
$GNTHS,39.7625,A*25
$GNTHS,39.7625,A*25
$GNTHS,39.7625,A*25
$GNTHS,39.7625,A*25
$GNRMC,023748.60,A,3708.81703129,N,12724.86086130,E,2.558,181.2,070826,8.4,W,R,S*55
$GNGGA,023748.60,3708.81703129,N,12724.86086130,E,4,31,0.6,147.3477,M,24.1320,M,1.6,1012*5C
$GATHS,38.5320,A*29
$GATHS,38.5320,A*29
$GATHS,38.5320,A*29
$GATHS,38.5320,A*29
$GNRMC,023748.80,A,3708.81689044,N,12724.86085594,E,2.537,181.1,070826,8.4,W,R,S*51
$GNGGA,023748.80,3708.81689044,N,12724.86085594,E,4,31,0.6,147.3478,M,24.1320,M,0.8,1012*52
$GATHS,38.6970,A*25
$GATHS,38.6970,A*25
$GATHS,38.6970,A*25
$GATHS,38.6970,A*25
$GNRMC,023749.00,A,3708.81676248,N,12724.86088129,E,2.291,167.5,070826,8.4,W,R,S*5E
$GNGGA,023749.00,3708.81676248,N,12724.86088129,E,4,30,0.6,147.3656,M,24.1320,M,1.0,1012*5C
$GATHS,38.8164,A*26
$GATHS,38.8164,A*26
$GATHS,38.8164,A*26
$GATHS,38.8164,A*26
$GNRMC,023749.20,A,3708.81661706,N,12724.86091328,E,2.782,168.7,070826,8.4,W,R,S*54
$GNGGA,023749.20,3708.81661706,N,12724.86091328,E,4,33,0.6,147.3592,M,24.1320,M,1.2,1012*56
$GATHS,38.9125,A*22
$GATHS,38.9125,A*22
$GATHS,38.9125,A*22
$GATHS,38.9125,A*22
$GNRMC,023749.40,A,3708.81647897,N,12724.86090957,E,2.468,187.4,070826,8.4,W,R,S*57
$GNGGA,023749.40,3708.81647897,N,12724.86090957,E,4,33,0.6,147.3797,M,24.1320,M,1.4,1012*51
$GATHS,39.1818,A*2C
$GATHS,39.1818,A*2C
$GATHS,39.1818,A*2C
$GATHS,39.1818,A*2C
$GNRMC,023749.60,A,3708.81633817,N,12724.86093319,E,2.549,170.4,070826,8.4,W,R,S*57
$GNGGA,023749.60,3708.81633817,N,12724.86093319,E,4,34,0.6,147.3784,M,24.1320,M,1.6,1012*5C
$GNTHS,37.8450,A*24
$GNTHS,37.8450,A*24
$GNTHS,37.8450,A*24
$GNTHS,37.8450,A*24
$GNRMC,023749.80,A,3708.81620072,N,12724.86095657,E,2.532,169.0,070826,8.4,W,R,S*59
$GNGGA,023749.80,3708.81620072,N,12724.86095657,E,4,34,0.6,147.3552,M,24.1320,M,1.8,1012*55
$GNTHS,37.8975,A*2E
$GNTHS,37.8975,A*2E
$GNTHS,37.8975,A*2E
$GNTHS,37.8975,A*2E
$GNRMC,023750.00,A,3708.81607304,N,12724.86098255,E,2.213,171.7,070826,8.4,W,R,S*5F
$GNGGA,023750.00,3708.81607304,N,12724.86098255,E,4,33,0.6,147.3864,M,24.1320,M,1.0,1012*5E
$GNTHS,37.8528,A*2A
$GNTHS,37.8528,A*2A
$GNTHS,37.8528,A*2A
$GNTHS,37.8528,A*2A
$GNRMC,023750.20,A,3708.81593191,N,12724.86102981,E,2.698,162.9,070826,8.4,W,R,S*56
$GNGGA,023750.20,3708.81593191,N,12724.86102981,E,4,33,0.6,147.3719,M,24.1320,M,1.2,1012*5B
$GNTHS,37.9068,A*2A
$GNTHS,37.9068,A*2A
$GNTHS,37.9068,A*2A
$GNTHS,37.9068,A*2A
$GNRMC,023750.40,A,3708.81579784,N,12724.86104992,E,2.530,174.0,070826,8.4,W,R,S*5D
$GNGGA,023750.40,3708.81579784,N,12724.86104992,E,4,32,0.6,147.3573,M,24.1320,M,1.4,1012*56
$GNTHS,38.0257,A*22
$GNTHS,38.0257,A*22
$GNTHS,38.0257,A*22
$GNTHS,38.0257,A*22
$GNRMC,023750.60,A,3708.81566042,N,12724.86108289,E,2.467,172.5,070826,8.4,W,R,S*51
$GNGGA,023750.60,3708.81566042,N,12724.86108289,E,4,33,0.6,147.3820,M,24.1320,M,0.6,1012*53
$GPTHS,35.8096,A*36
$GPTHS,35.8096,A*36
$GPTHS,35.8096,A*36
$GPTHS,35.8096,A*36
$GNRMC,023750.80,A,3708.81552301,N,12724.86111912,E,2.547,164.0,070826,8.4,W,R,S*5C
$GNGGA,023750.80,3708.81552301,N,12724.86111912,E,4,33,0.6,147.3626,M,24.1320,M,0.8,1012*59
$GPTHS,35.9998,A*30
$GPTHS,35.9998,A*30
$GPTHS,35.9998,A*30
$GPTHS,35.9998,A*30
$GNRMC,023751.00,A,3708.81540115,N,12724.86116321,E,2.240,163.3,070826,8.4,W,R,S*58
$GNGGA,023751.00,3708.81540115,N,12724.86116321,E,4,34,0.6,147.3869,M,24.1320,M,1.0,1012*52
$GPTHS,,V*0E
$GPTHS,,V*0E
$GPTHS,,V*0E
$GPTHS,,V*0E
$GNRMC,023751.20,A,3708.81527448,N,12724.86124314,E,2.665,148.3,070826,8.4,W,R,S*5B
$GNGGA,023751.20,3708.81527448,N,12724.86124314,E,4,34,0.6,147.3918,M,24.1320,M,1.2,1012*5E
$GPTHS,,V*0E
$GPTHS,,V*0E
$GPTHS,,V*0E
$GPTHS,,V*0E
$GNRMC,023751.40,A,3708.81514779,N,12724.86128894,E,2.402,166.1,070826,8.4,W,R,S*5E
$GNGGA,023751.40,3708.81514779,N,12724.86128894,E,4,34,0.6,147.3817,M,24.1320,M,1.4,1012*5E
$GPTHS,,V*0E
$GPTHS,,V*0E
$GPTHS,,V*0E
$GPTHS,,V*0E
$GNRMC,023751.60,A,3708.81502169,N,12724.86134259,E,2.312,165.3,070826,8.4,W,R,S*5D
$GNGGA,023751.60,3708.81502169,N,12724.86134259,E,4,39,0.5,147.4120,M,24.1320,M,0.6,1012*5D
$GNTHS,17.4261,A*2E
$GNTHS,17.4261,A*2E
$GNTHS,17.4261,A*2E
$GNTHS,17.4261,A*2E
$GNRMC,023751.80,A,3708.81489859,N,12724.86141218,E,2.624,152.5,070826,8.4,W,R,S*5E
$GNGGA,023751.80,3708.81489859,N,12724.86141218,E,4,39,0.5,147.3918,M,24.1320,M,0.8,1012*56
$GNTHS,17.3612,A*29
$GNTHS,17.3612,A*29
$GNTHS,17.3612,A*29
$GNTHS,17.3612,A*29
$GNRMC,023752.00,A,3708.81478457,N,12724.86146331,E,2.008,163.4,070826,8.4,W,R,S*5F
$GNGGA,023752.00,3708.81478457,N,12724.86146331,E,4,38,0.5,147.3989,M,24.1320,M,1.0,1012*5C
$GNTHS,17.3601,A*2B
$GNTHS,17.3601,A*2B
$GNTHS,17.3601,A*2B
$GNTHS,17.3601,A*2B
$GNRMC,023752.20,A,3708.81467049,N,12724.86154733,E,2.332,146.2,070826,8.4,W,R,S*56
$GNGGA,023752.20,3708.81467049,N,12724.86154733,E,4,38,0.5,147.4160,M,24.1320,M,1.2,1012*54
$GNTHS,17.2828,A*2F
$GNTHS,17.2828,A*2F
$GNTHS,17.2828,A*2F
$GNTHS,17.2828,A*2F
$GNRMC,023752.40,A,3708.81455109,N,12724.86162795,E,2.542,148.3,070826,8.4,W,R,S*53
$GNGGA,023752.40,3708.81455109,N,12724.86162795,E,4,38,0.5,147.3922,M,24.1321,M,1.4,1012*51
$GNTHS,17.2209,A*26
$GNTHS,17.2209,A*26
$GNTHS,17.2209,A*26
$GNTHS,17.2209,A*26
$GNRMC,023752.60,A,3708.81443139,N,12724.86168550,E,2.325,166.4,070826,8.4,W,R,S*58
$GNGGA,023752.60,3708.81443139,N,12724.86168550,E,4,38,0.5,147.4229,M,24.1321,M,0.6,1012*52
$GNTHS,17.2523,A*29
$GNTHS,17.2523,A*29
$GNTHS,17.2523,A*29
$GNTHS,17.2523,A*29
$GNRMC,023752.80,A,3708.81430343,N,12724.86176447,E,2.640,150.0,070826,8.4,W,R,S*52
$GNGGA,023752.80,3708.81430343,N,12724.86176447,E,4,38,0.5,147.4223,M,24.1321,M,0.8,1012*5B
$GNTHS,17.2371,A*28
$GNTHS,17.2371,A*28
$GNTHS,17.2371,A*28
$GNTHS,17.2371,A*28
$GNRMC,023753.00,A,3708.81418544,N,12724.86183251,E,2.291,152.9,070826,8.4,W,R,S*58
$GNGGA,023753.00,3708.81418544,N,12724.86183251,E,4,38,0.5,147.4067,M,24.1321,M,1.0,1012*59
$GNTHS,10.9262,A*27
$GNTHS,10.9262,A*27
$GNTHS,10.9262,A*27
$GNTHS,10.9262,A*27
$GNRMC,023753.20,A,3708.81408288,N,12724.86192728,E,2.247,141.6,070826,8.4,W,R,S*51
$GNGGA,023753.20,3708.81408288,N,12724.86192728,E,4,38,0.5,147.4233,M,24.1321,M,1.2,1012*57
$GNTHS,10.8855,A*28
$GNTHS,10.8855,A*28
$GNTHS,10.8855,A*28
$GNTHS,10.8855,A*28
$GNRMC,023753.40,A,3708.81397164,N,12724.86202665,E,2.588,143.9,070826,8.4,W,R,S*5C
$GNGGA,023753.40,3708.81397164,N,12724.86202665,E,4,38,0.5,147.3991,M,24.1321,M,1.4,1012*51
$GNTHS,10.8289,A*23
$GNTHS,10.8289,A*23
$GNTHS,10.8289,A*23
$GNTHS,10.8289,A*23
$GNRMC,023753.60,A,3708.81385477,N,12724.86210336,E,2.471,156.7,070826,8.4,W,R,S*57
$GNGGA,023753.60,3708.81385477,N,12724.86210336,E,4,38,0.5,147.4123,M,24.1321,M,1.6,1012*53
$GNTHS,10.8617,A*20
$GNTHS,10.8617,A*20
$GNTHS,10.8617,A*20
$GNTHS,10.8617,A*20
$GNRMC,023753.80,A,3708.81373728,N,12724.86220216,E,2.630,144.4,070826,8.4,W,R,S*5E
$GNGGA,023753.80,3708.81373728,N,12724.86220216,E,4,38,0.5,147.4045,M,24.1321,M,0.8,1012*53
$GNTHS,10.8654,A*27
$GNTHS,10.8654,A*27
$GNTHS,10.8654,A*27
$GNTHS,10.8654,A*27
$GNRMC,023754.00,A,3708.81362638,N,12724.86229145,E,2.342,146.6,070826,8.4,W,R,S*5D
$GNGGA,023754.00,3708.81362638,N,12724.86229145,E,4,38,0.5,147.3766,M,24.1321,M,1.0,1012*58
$GNTHS,7.9388,A*14
$GNTHS,7.9388,A*14
$GNTHS,7.9388,A*14
$GNTHS,7.9388,A*14
$GNRMC,023754.20,A,3708.81352184,N,12724.86239139,E,2.275,141.3,070826,8.4,W,R,S*51
$GNGGA,023754.20,3708.81352184,N,12724.86239139,E,4,38,0.5,147.4060,M,24.1321,M,1.2,1012*57
$GNTHS,7.9040,A*13
$GNTHS,7.9040,A*13
$GNTHS,7.9040,A*13
$GNTHS,7.9040,A*13
$GNRMC,023754.40,A,3708.81341385,N,12724.86250657,E,2.670,138.3,070826,8.4,W,R,S*59
$GNGGA,023754.40,3708.81341385,N,12724.86250657,E,4,38,0.5,147.3866,M,24.1321,M,1.4,1012*5F
$GNTHS,7.8630,A*13
$GNTHS,7.8630,A*13
$GNTHS,7.8630,A*13
$GNTHS,7.8630,A*13
$GNRMC,023754.60,A,3708.81330123,N,12724.86259727,E,2.451,150.6,070826,8.4,W,R,S*56
$GNGGA,023754.60,3708.81330123,N,12724.86259727,E,4,36,0.5,147.3832,M,24.1321,M,1.6,1012*57
$GNTHS,7.8868,A*10
$GNTHS,7.8868,A*10
$GNTHS,7.8868,A*10
$GNTHS,7.8868,A*10
$GNRMC,023754.80,A,3708.81318704,N,12724.86269631,E,2.515,146.8,070826,8.4,W,R,S*5C
$GNGGA,023754.80,3708.81318704,N,12724.86269631,E,4,37,0.5,147.3829,M,24.1321,M,0.8,1012*51
$GNTHS,7.9322,A*14
$GNTHS,7.9322,A*14
$GNTHS,7.9322,A*14
$GNTHS,7.9322,A*14
$GNRMC,023755.00,A,3708.81307359,N,12724.86279380,E,2.524,143.8,070826,8.4,W,R,S*5E
$GNGGA,023755.00,3708.81307359,N,12724.86279380,E,4,37,0.5,147.3541,M,24.1321,M,1.0,1012*5E
$GNTHS,7.9072,A*12
$GNTHS,7.9072,A*12
$GNTHS,7.9072,A*12
$GNTHS,7.9072,A*12
$GNRMC,023755.20,A,3708.81296854,N,12724.86289027,E,2.210,143.4,070826,8.4,W,R,S*5E
$GNGGA,023755.20,3708.81296854,N,12724.86289027,E,4,37,0.5,147.3991,M,24.1321,M,1.2,1012*51
$GNTHS,7.8767,A*10
$GNTHS,7.8767,A*10
$GNTHS,7.8767,A*10
$GNTHS,7.8767,A*10
$GNRMC,023755.40,A,3708.81286227,N,12724.86301208,E,2.710,134.4,070826,8.4,W,R,S*5C
$GNGGA,023755.40,3708.81286227,N,12724.86301208,E,4,39,0.5,147.3965,M,24.1321,M,0.4,1012*54
$GNTHS,7.8465,A*11
$GNTHS,7.8465,A*11
$GNTHS,7.8465,A*11
$GNTHS,7.8465,A*11
$GNRMC,023755.60,A,3708.81274591,N,12724.86310935,E,2.601,149.3,070826,8.4,W,R,S*50
$GNGGA,023755.60,3708.81274591,N,12724.86310935,E,4,39,0.5,147.3831,M,24.1321,M,0.6,1012*56
$GNTHS,7.8532,A*12
$GNTHS,7.8532,A*12
$GNTHS,7.8532,A*12
$GNTHS,7.8532,A*12
$GNRMC,023755.80,A,3708.81261947,N,12724.86320719,E,2.666,149.5,070826,8.4,W,R,S*59
$GNGGA,023755.80,3708.81261947,N,12724.86320719,E,4,39,0.5,147.4112,M,24.1321,M,0.8,1012*59
$GNTHS,6.0035,A*19
$GNTHS,6.0035,A*19
$GNTHS,6.0035,A*19
$GNTHS,6.0035,A*19
$GNRMC,023756.00,A,3708.81250001,N,12724.86331255,E,2.635,142.4,070826,8.4,W,R,S*5A
$GNGGA,023756.00,3708.81250001,N,12724.86331255,E,4,39,0.5,147.3938,M,24.1321,M,1.0,1012*58
$GNTHS,6.0015,A*1B
$GNTHS,6.0015,A*1B
$GNTHS,6.0015,A*1B
$GNTHS,6.0015,A*1B
$GNRMC,023756.20,A,3708.81239612,N,12724.86341323,E,2.248,139.5,070826,8.4,W,R,S*57
$GNGGA,023756.20,3708.81239612,N,12724.86341323,E,4,39,0.5,147.3979,M,24.1321,M,1.2,1012*51
$GNTHS,5.9826,A*19
$GNTHS,5.9826,A*19
$GNTHS,5.9826,A*19
$GNTHS,5.9826,A*19
$GNRMC,023756.40,A,3708.81229573,N,12724.86354173,E,2.650,131.2,070826,8.4,W,R,S*55
$GNGGA,023756.40,3708.81229573,N,12724.86354173,E,4,39,0.5,147.4016,M,24.1322,M,1.4,1012*53
$GNTHS,5.9153,A*12
$GNTHS,5.9153,A*12
$GNTHS,5.9153,A*12
$GNTHS,5.9153,A*12
$GNRMC,023756.60,A,3708.81219182,N,12724.86364343,E,2.402,145.6,070826,8.4,W,R,S*5E
$GNGGA,023756.60,3708.81219182,N,12724.86364343,E,4,38,0.5,147.3790,M,24.1322,M,1.6,1012*57
$GNTHS,5.9035,A*13
$GNTHS,5.9035,A*13
$GNTHS,5.9035,A*13
$GNTHS,5.9035,A*13
$GNRMC,023756.80,A,3708.81207314,N,12724.86374295,E,2.657,149.9,070826,8.4,W,R,S*58
$GNGGA,023756.80,3708.81207314,N,12724.86374295,E,4,39,0.5,147.4095,M,24.1322,M,0.8,1012*5B
$GNTHS,5.9392,A*1D
$GNTHS,5.9392,A*1D
$GNTHS,5.9392,A*1D
$GNTHS,5.9392,A*1D
$GNRMC,023757.00,A,3708.81195998,N,12724.86384731,E,2.621,143.0,070826,8.4,W,R,S*51
$GNGGA,023757.00,3708.81195998,N,12724.86384731,E,4,38,0.5,147.3892,M,24.1322,M,1.0,1012*50
$GNTHS,4.7902,A*11
$GNTHS,4.7902,A*11
$GNTHS,4.7902,A*11
$GNTHS,4.7902,A*11
$GNRMC,023757.20,A,3708.81184566,N,12724.86394026,E,2.280,144.5,070826,8.4,W,R,S*53
$GNGGA,023757.20,3708.81184566,N,12724.86394026,E,4,39,0.5,147.4103,M,24.1322,M,1.2,1012*5A
$GNTHS,4.7801,A*13
$GNTHS,4.7801,A*13
$GNTHS,4.7801,A*13
$GNTHS,4.7801,A*13
$GNRMC,023757.40,A,3708.81175156,N,12724.86406336,E,2.627,129.9,070826,8.4,W,R,S*5C
$GNGGA,023757.40,3708.81175156,N,12724.86406336,E,4,39,0.5,147.4041,M,24.1322,M,1.4,1012*5A
$GNTHS,3.3105,A*1D
$GNTHS,3.3105,A*1D
$GNTHS,3.3105,A*1D
$GNTHS,3.3105,A*1D
$GNRMC,023757.60,A,3708.81163926,N,12724.86416558,E,2.535,145.5,070826,8.4,W,R,S*5F
$GNGGA,023757.60,3708.81163926,N,12724.86416558,E,4,38,0.5,147.3862,M,24.1322,M,0.6,1012*53
$GNTHS,3.2270,A*1D
$GNTHS,3.2270,A*1D
$GNTHS,3.2270,A*1D
$GNTHS,3.2270,A*1D
$GNRMC,023757.80,A,3708.81151985,N,12724.86425853,E,2.512,153.1,070826,8.4,W,R,S*59
$GNGGA,023757.80,3708.81151985,N,12724.86425853,E,4,37,0.5,147.4221,M,24.1322,M,0.8,1012*58
$GNTHS,3.2721,A*1C
$GNTHS,3.2721,A*1C
$GNTHS,3.2721,A*1C
$GNTHS,3.2721,A*1C
$GNRMC,023758.00,A,3708.81140734,N,12724.86436337,E,2.607,141.5,070826,8.4,W,R,S*51
$GNGGA,023758.00,3708.81140734,N,12724.86436337,E,4,38,0.5,147.4025,M,24.1322,M,1.0,1012*50
$GNTHS,3.2039,A*12
$GNTHS,3.2039,A*12
$GNTHS,3.2039,A*12
$GNTHS,3.2039,A*12
$GNRMC,023758.20,A,3708.81130670,N,12724.86446149,E,2.167,139.6,070826,8.4,W,R,S*54
$GNGGA,023758.20,3708.81130670,N,12724.86446149,E,4,37,0.5,147.4196,M,24.1322,M,1.2,1012*5C
$GNTHS,3.0613,A*1E
$GNTHS,3.0613,A*1E
$GNTHS,3.0613,A*1E
$GNTHS,3.0613,A*1E
$GNRMC,023758.40,A,3708.81121866,N,12724.86457834,E,2.350,129.6,070826,8.4,W,R,S*5F
$GNGGA,023758.40,3708.81121866,N,12724.86457834,E,4,38,0.5,147.4521,M,24.1322,M,1.4,1012*51
$GNTHS,3.1492,A*14
$GNTHS,3.1492,A*14
$GNTHS,3.1492,A*14
$GNTHS,3.1492,A*14
$GNRMC,023758.60,A,3708.81111695,N,12724.86469945,E,2.702,134.6,070826,8.4,W,R,S*59
$GNGGA,023758.60,3708.81111695,N,12724.86469945,E,4,37,0.5,147.4129,M,24.1322,M,0.6,1012*58
$GNTHS,1.7545,A*1B
$GNTHS,1.7545,A*1B
$GNTHS,1.7545,A*1B
$GNTHS,1.7545,A*1B
$GNRMC,023758.80,A,3708.81101277,N,12724.86479297,E,2.285,151.0,070826,8.4,W,R,S*54
$GNGGA,023758.80,3708.81101277,N,12724.86479297,E,4,38,0.5,147.4330,M,24.1322,M,0.8,1012*51
$GNTHS,1.7217,A*1B
$GNTHS,1.7217,A*1B
$GNTHS,1.7217,A*1B
$GNTHS,1.7217,A*1B
$GNRMC,023759.00,A,3708.81090608,N,12724.86490015,E,2.395,142.9,070826,8.4,W,R,S*5C
$GNGGA,023759.00,3708.81090608,N,12724.86490015,E,4,37,0.5,147.4230,M,24.1322,M,1.0,1012*55
$GNTHS,1.7052,A*18
$GNTHS,1.7052,A*18
$GNTHS,1.7052,A*18
$GNTHS,1.7052,A*18
$GNRMC,023759.20,A,3708.81079822,N,12724.86499962,E,2.463,140.8,070826,8.4,W,R,S*52
$GNGGA,023759.20,3708.81079822,N,12724.86499962,E,4,37,0.5,147.4042,M,24.1322,M,1.2,1012*53
$GNTHS,1.6154,A*1E
$GNTHS,1.6154,A*1E
$GNTHS,1.6154,A*1E
$GNTHS,1.6154,A*1E
$GNRMC,023759.40,A,3708.81071161,N,12724.86510821,E,2.225,132.8,070826,8.4,W,R,S*55
$GNGGA,023759.40,3708.81071161,N,12724.86510821,E,4,37,0.5,147.4554,M,24.1322,M,1.4,1012*51
$GNTHS,1.5253,A*19
$GNTHS,1.5253,A*19
$GNTHS,1.5253,A*19
$GNTHS,1.5253,A*19
$GNRMC,023759.60,A,3708.81061042,N,12724.86523609,E,2.687,132.2,070826,8.4,W,R,S*54
$GNGGA,023759.60,3708.81061042,N,12724.86523609,E,4,37,0.5,147.4305,M,24.1322,M,1.6,1012*56
$GNTHS,1.3189,A*1B
$GNTHS,1.3189,A*1B
$GNTHS,1.3189,A*1B
$GNTHS,1.3189,A*1B
$GNRMC,023759.80,A,3708.81048957,N,12724.86532732,E,2.573,157.2,070826,8.4,W,R,S*5E
$GNGGA,023759.80,3708.81048957,N,12724.86532732,E,4,37,0.5,147.4297,M,24.1323,M,1.8,1012*52
$GNTHS,1.3906,A*14
$GNTHS,1.3906,A*14
$GNTHS,1.3906,A*14
$GNTHS,1.3906,A*14
$GNRMC,023800.00,A,3708.81036824,N,12724.86543849,E,2.784,145.6,070826,8.4,W,R,S*51
$GNGGA,023800.00,3708.81036824,N,12724.86543849,E,4,37,0.5,147.4188,M,24.1323,M,1.0,1012*55
$GNTHS,1.4677,A*1A
$GNTHS,1.4677,A*1A
$GNTHS,1.4677,A*1A
$GNTHS,1.4677,A*1A
$GNRMC,023800.20,A,3708.81025256,N,12724.86554564,E,2.607,141.0,070826,8.4,W,R,S*52
$GNGGA,023800.20,3708.81025256,N,12724.86554564,E,4,36,0.5,147.3693,M,24.1323,M,1.2,1012*57
$GNTHS,1.9923,A*19
$GNTHS,1.9923,A*19
$GNTHS,1.9923,A*19
$GNTHS,1.9923,A*19
$GNRMC,023800.40,A,3708.81015304,N,12724.86565659,E,2.221,137.0,070826,8.4,W,R,S*5F
$GNGGA,023800.40,3708.81015304,N,12724.86565659,E,4,37,0.5,147.3869,M,24.1323,M,1.4,1012*57
$GNTHS,1.9756,A*15
$GNTHS,1.9756,A*15
$GNTHS,1.9756,A*15
$GNTHS,1.9756,A*15
$GNRMC,023800.60,A,3708.81006076,N,12724.86579229,E,2.667,127.5,070826,8.4,W,R,S*55
$GNGGA,023800.60,3708.81006076,N,12724.86579229,E,4,35,0.5,147.3775,M,24.1323,M,1.6,1012*5D
$GNTHS,1.9024,A*17
$GNTHS,1.9024,A*17
$GNTHS,1.9024,A*17
$GNTHS,1.9024,A*17
$GNRMC,023800.80,A,3708.80995327,N,12724.86589879,E,2.551,146.7,070826,8.4,W,R,S*5D
$GNGGA,023800.80,3708.80995327,N,12724.86589879,E,4,35,0.5,147.3742,M,24.1323,M,0.8,1012*5D
$GNTHS,1.9372,A*17
$GNTHS,1.9372,A*17
$GNTHS,1.9372,A*17
$GNTHS,1.9372,A*17
$GNRMC,023801.00,A,3708.80983948,N,12724.86599632,E,2.506,151.4,070826,8.4,W,R,S*57
$GNGGA,023801.00,3708.80983948,N,12724.86599632,E,4,35,0.5,147.3931,M,24.1323,M,1.0,1012*53
$GNTHS,0.9129,A*1A
$GNTHS,0.9129,A*1A
$GNTHS,0.9129,A*1A
$GNTHS,0.9129,A*1A
$GNRMC,023801.20,A,3708.80972976,N,12724.86609857,E,2.397,138.6,070826,8.4,W,R,S*52
$GNGGA,023801.20,3708.80972976,N,12724.86609857,E,4,35,0.5,147.3523,M,24.1323,M,1.2,1012*58
$GNTHS,0.8932,A*19
$GNTHS,0.8932,A*19
$GNTHS,0.8932,A*19
$GNTHS,0.8932,A*19
$GNRMC,023801.40,A,3708.80964028,N,12724.86620265,E,2.109,133.1,070826,8.4,W,R,S*58
$GNGGA,023801.40,3708.80964028,N,12724.86620265,E,4,34,0.5,147.3698,M,24.1323,M,1.4,1012*5F
$GNTHS,0.8600,A*17
$GNTHS,0.8600,A*17
$GNTHS,0.8600,A*17
$GNTHS,0.8600,A*17
$GNRMC,023801.60,A,3708.80955913,N,12724.86632953,E,2.367,128.1,070826,8.4,W,R,S*54
$GNGGA,023801.60,3708.80955913,N,12724.86632953,E,4,35,0.5,147.3627,M,24.1323,M,1.6,1012*54
$GNTHS,0.7941,A*12
$GNTHS,0.7941,A*12
$GNTHS,0.7941,A*12
$GNTHS,0.7941,A*12
$GNRMC,023801.80,A,3708.80946650,N,12724.86642101,E,2.247,144.5,070826,8.4,W,R,S*55
$GNGGA,023801.80,3708.80946650,N,12724.86642101,E,4,36,0.5,147.3773,M,24.1323,M,0.8,1012*54
$GNTHS,0.7648,A*14
$GNTHS,0.7648,A*14
$GNTHS,0.7648,A*14
$GNTHS,0.7648,A*14
$GNRMC,023802.00,A,3708.80936638,N,12724.86650826,E,2.247,153.3,070826,8.4,W,R,S*58
$GNGGA,023802.00,3708.80936638,N,12724.86650826,E,4,33,0.5,147.4086,M,24.1323,M,1.0,1012*5F
$GNTHS,0.8312,A*11
$GNTHS,0.8312,A*11
$GNTHS,0.8312,A*11
$GNTHS,0.8312,A*11
$GNRMC,023802.20,A,3708.80926363,N,12724.86660071,E,2.214,140.6,070826,8.4,W,R,S*58
$GNGGA,023802.20,3708.80926363,N,12724.86660071,E,4,33,0.6,147.3588,M,24.1323,M,1.2,1012*53
$GNTHS,0.8664,A*15
$GNTHS,0.8664,A*15
$GNTHS,0.8664,A*15
$GNTHS,0.8664,A*15
$GNRMC,023802.40,A,3708.80918572,N,12724.86670658,E,2.040,129.0,070826,8.4,W,R,S*53
$GNGGA,023802.40,3708.80918572,N,12724.86670658,E,4,33,0.6,147.3272,M,24.1323,M,1.4,1012*56
$GNTHS,0.7313,A*1F
$GNTHS,0.7313,A*1F
$GNTHS,0.7313,A*1F
$GNTHS,0.7313,A*1F
$GNRMC,023802.60,A,3708.80911224,N,12724.86680311,E,1.921,130.4,070826,8.4,W,R,S*5A
$GNGGA,023802.60,3708.80911224,N,12724.86680311,E,4,33,0.6,147.3261,M,24.1323,M,1.6,1012*5E
$GNTHS,359.0461,A*15
$GNTHS,359.0461,A*15
$GNTHS,359.0461,A*15
$GNTHS,359.0461,A*15
$GNRMC,023802.80,A,3708.80902680,N,12724.86689323,E,2.037,146.1,070826,8.4,W,R,S*5D
$GNGGA,023802.80,3708.80902680,N,12724.86689323,E,4,32,0.6,147.2635,M,24.1323,M,1.8,1012*5B
$GNTHS,359.1252,A*12
$GNTHS,359.1252,A*12
$GNTHS,359.1252,A*12
$GNTHS,359.1252,A*12
$GNRMC,023803.00,A,3708.80892704,N,12724.86697387,E,2.227,148.9,070826,8.4,W,R,S*55
$GNGGA,023803.00,3708.80892704,N,12724.86697387,E,4,32,0.6,147.2917,M,24.1323,M,2.0,1012*52
$GNTHS,359.0997,A*11
$GNTHS,359.0997,A*11
$GNTHS,359.0997,A*11
$GNTHS,359.0997,A*11
$GNRMC,023803.20,A,3708.80880897,N,12724.86706715,E,2.205,150.1,070826,8.4,W,R,S*56
$GNGGA,023803.20,3708.80880897,N,12724.86706715,E,4,31,0.6,147.3275,M,24.1323,M,1.2,1012*5C
$GNTHS,359.2342,A*11
$GNTHS,359.2342,A*11
$GNTHS,359.2342,A*11
$GNTHS,359.2342,A*11
$GNRMC,023803.40,A,3708.80872881,N,12724.86713129,E,1.597,144.0,070826,8.4,W,R,S*5C
$GNGGA,023803.40,3708.80872881,N,12724.86713129,E,4,32,0.6,147.2765,M,24.1324,M,1.4,1012*5A
$GNTHS,359.3603,A*10
$GNTHS,359.3603,A*10
$GNTHS,359.3603,A*10
$GNTHS,359.3603,A*10
$GNRMC,023803.60,A,3708.80865567,N,12724.86722561,E,1.826,124.0,070826,8.4,W,R,S*56
$GNGGA,023803.60,3708.80865567,N,12724.86722561,E,4,34,0.5,147.2718,M,24.1324,M,1.6,1012*5C
$GNTHS,359.3564,A*12
$GNTHS,359.3564,A*12
$GNTHS,359.3564,A*12
$GNTHS,359.3564,A*12
$GNRMC,023803.80,A,3708.80856126,N,12724.86726935,E,1.954,165.6,070826,8.4,W,R,S*57
$GNGGA,023803.80,3708.80856126,N,12724.86726935,E,4,33,0.5,147.1784,M,24.1324,M,0.8,1012*54
$GNTHS,359.5189,A*13
$GNTHS,359.5189,A*13
$GNTHS,359.5189,A*13
$GNTHS,359.5189,A*13
$GNRMC,023804.00,A,3708.80841961,N,12724.86726510,E,3.044,193.5,070826,8.4,W,R,S*5E
$GNGGA,023804.00,3708.80841961,N,12724.86726510,E,4,28,0.6,147.1051,M,24.1324,M,1.0,1012*52
$GNTHS,359.8708,A*11
$GNTHS,359.8708,A*11
$GNTHS,359.8708,A*11
$GNTHS,359.8708,A*11
$GNRMC,023804.20,A,3708.80830066,N,12724.86726353,E,2.072,184.0,070826,8.4,W,R,S*52
$GNGGA,023804.20,3708.80830066,N,12724.86726353,E,4,20,0.8,146.9738,M,24.1324,M,1.2,1012*5C
$GNTHS,0.2773,A*18
$GNTHS,0.2773,A*18
$GNTHS,0.2773,A*18
$GNTHS,0.2773,A*18
$GNRMC,023804.40,A,3708.80821735,N,12724.86722733,E,1.284,201.4,070826,8.4,W,R,S*51
$GNGGA,023804.40,3708.80821735,N,12724.86722733,E,4,23,0.8,146.7847,M,24.1324,M,1.4,1012*51
$GNTHS,358.4831,A*19
$GNTHS,358.4831,A*19
$GNTHS,358.4831,A*19
$GNTHS,358.4831,A*19
$GNRMC,023804.60,A,3708.80817332,N,12724.86717246,E,0.875,260.8,070826,8.4,W,R,S*5A
$GNGGA,023804.60,3708.80817332,N,12724.86717246,E,4,21,0.8,146.5410,M,24.1324,M,1.6,1012*58
$GPTHS,,V*0E
$GPTHS,,V*0E
$GPTHS,,V*0E
$GNRMC,023804.80,A,3708.80815466,N,12724.86711728,E,0.779,311.8,070826,8.4,W,R,S*5F
$GNGGA,023804.80,3708.80815466,N,12724.86711728,E,4,24,0.7,146.3570,M,24.1324,M,0.8,1012*5D
$GPTHS,,V*0E
$GPTHS,,V*0E
$GPTHS,,V*0E
$GNRMC,023805.00,A,3708.80816094,N,12724.86706118,E,0.939,268.7,070826,8.4,W,R,S*55
$GNGGA,023805.00,3708.80816094,N,12724.86706118,E,4,28,0.6,146.2588,M,24.1323,M,1.0,1012*58
$GPTHS,,V*0E
$GPTHS,,V*0E
$GPTHS,,V*0E
$GNRMC,023805.20,A,3708.80816482,N,12724.86700921,E,0.727,313.5,070826,8.4,W,R,S*5E
$GNGGA,023805.20,3708.80816482,N,12724.86700921,E,4,30,0.6,146.1684,M,24.1323,M,1.2,1012*5A
$GPTHS,,V*0E
$GPTHS,,V*0E
$GNRMC,023805.40,A,3708.80819894,N,12724.86695649,E,1.259,305.8,070826,8.4,W,R,S*57
$GNGGA,023805.40,3708.80819894,N,12724.86695649,E,4,30,0.6,146.0105,M,24.1323,M,1.4,1012*5D
$GPTHS,,V*0E
$GPTHS,,V*0E
$GPTHS,,V*0E
$GPTHS,,V*0E
$GNRMC,023805.60,A,3708.80820591,N,12724.86689968,E,0.607,316.6,070826,8.4,W,R,S*54
$GNGGA,023805.60,3708.80820591,N,12724.86689968,E,4,29,0.7,146.0468,M,24.1323,M,0.6,1012*58
$GPTHS,,V*0E
$GPTHS,,V*0E
$GPTHS,,V*0E
$GPTHS,,V*0E
$GNRMC,023805.80,A,3708.80819138,N,12724.86691862,E,0.967,125.4,070826,8.4,W,R,S*5C
$GNGGA,023805.80,3708.80819138,N,12724.86691862,E,4,30,0.6,146.0076,M,24.1323,M,0.8,1012*55
$GPTHS,,V*0E
$GPTHS,,V*0E
$GPTHS,,V*0E
$GPTHS,,V*0E
$GNRMC,023806.00,A,3708.80820585,N,12724.86690050,E,0.600,306.5,070826,8.4,W,R,S*5B
$GNGGA,023806.00,3708.80820585,N,12724.86690050,E,4,30,0.6,145.9883,M,24.1323,M,1.0,1012*5F
$GPTHS,,V*0E
$GPTHS,,V*0E
$GPTHS,,V*0E
$GPTHS,,V*0E
$GNRMC,023806.20,A,3708.80820563,N,12724.86689618,E,0.263,329.8,070826,8.4,W,R,S*52
$GNGGA,023806.20,3708.80820563,N,12724.86689618,E,4,29,0.6,145.9928,M,24.1323,M,1.2,1012*5D
$GPTHS,,V*0E
$GPTHS,,V*0E
$GPTHS,,V*0E
$GPTHS,,V*0E
$GNRMC,023806.40,A,3708.80818464,N,12724.86686603,E,0.312,114.4,070826,8.4,W,R,S*5B
$GNGGA,023806.40,3708.80818464,N,12724.86686603,E,4,29,0.6,145.9290,M,24.1323,M,1.4,1012*5D
$GPTHS,,V*0E
$GPTHS,,V*0E
$GPTHS,,V*0E
$GPTHS,,V*0E
$GNRMC,023806.60,A,3708.80818559,N,12724.86686546,E,0.063,20.1,070826,8.4,W,R,S*62
$GNGGA,023806.60,3708.80818559,N,12724.86686546,E,4,29,0.6,145.9318,M,24.1323,M,1.6,1012*51
$GPTHS,,V*0E
$GPTHS,,V*0E
$GPTHS,,V*0E
$GPTHS,,V*0E
$GNRMC,023806.80,A,3708.80819511,N,12724.86685795,E,0.263,350.7,070826,8.4,W,R,S*5E
$GNGGA,023806.80,3708.80819511,N,12724.86685795,E,4,29,0.6,145.9507,M,24.1323,M,1.8,1012*5B
$GPTHS,,V*0E
$GPTHS,,V*0E
$GPTHS,,V*0E
$GNRMC,023807.00,A,3708.80819000,N,12724.86686030,E,0.140,165.7,070826,8.4,W,R,S*5F
$GNGGA,023807.00,3708.80819000,N,12724.86686030,E,4,31,0.5,145.9372,M,24.1323,M,1.0,1012*5A
$GPTHS,,V*0E
$GPTHS,,V*0E
$GPTHS,,V*0E
$GPTHS,,V*0E
$GNRMC,023807.20,A,3708.80819475,N,12724.86685519,E,0.110,313.8,070826,8.4,W,R,S*5F
$GNGGA,023807.20,3708.80819475,N,12724.86685519,E,4,32,0.5,145.9403,M,24.1323,M,1.2,1012*53
$GPTHS,,V*0E
$GNRMC,023807.40,A,3708.80819857,N,12724.86686081,E,0.066,309.7,070826,8.4,W,R,S*56
$GNGGA,023807.40,3708.80819857,N,12724.86686081,E,4,32,0.5,145.9394,M,24.1323,M,1.4,1012*51
$GPTHS,,V*0E
$GNRMC,023807.60,A,3708.80819724,N,12724.86686036,E,0.035,90.1,070826,8.4,W,R,S*60
$GNGGA,023807.60,3708.80819724,N,12724.86686036,E,4,34,0.5,145.9368,M,24.1323,M,1.6,1012*53
$GPTHS,,V*0E
$GNRMC,023807.80,A,3708.80819926,N,12724.86686114,E,0.039,13.8,070826,8.4,W,R,S*6D
$GNGGA,023807.80,3708.80819926,N,12724.86686114,E,4,35,0.5,145.9326,M,24.1323,M,1.8,1012*55
$GPTHS,,V*0E
$GNRMC,023808.00,A,3708.80819914,N,12724.86686071,E,0.035,41.1,070826,8.4,W,R,S*6B
$GNGGA,023808.00,3708.80819914,N,12724.86686071,E,4,35,0.5,145.9361,M,24.1323,M,1.0,1012*5A
$GPTHS,,V*0E
$GNRMC,023808.20,A,3708.80819976,N,12724.86686110,E,0.014,57.8,070826,8.4,W,R,S*66
$GNGGA,023808.20,3708.80819976,N,12724.86686110,E,4,30,0.6,145.9390,M,24.1323,M,1.2,1012*50
$GPTHS,,V*0E
$GNRMC,023808.40,A,3708.80819767,N,12724.86686009,E,0.021,317.7,070826,8.4,W,R,S*59
$GNGGA,023808.40,3708.80819767,N,12724.86686009,E,4,30,0.6,145.9389,M,24.1323,M,1.4,1012*5F
$GNTHS,21.8404,A*22
$GNRMC,023808.60,A,3708.80819682,N,12724.86685937,E,0.019,97.3,070826,8.4,W,R,S*62
$GNGGA,023808.60,3708.80819682,N,12724.86685937,E,4,30,0.6,145.9379,M,24.1323,M,0.6,1012*5C
$GNTHS,21.8434,A*21
$GNRMC,023808.80,A,3708.80819883,N,12724.86685891,E,0.006,347.4,070826,8.4,W,R,S*59
$GNGGA,023808.80,3708.80819883,N,12724.86685891,E,4,37,0.5,145.9319,M,24.1323,M,0.8,1012*5C
$GNTHS,21.8497,A*28
$GNRMC,023809.00,A,3708.80819607,N,12724.86685796,E,0.012,259.3,070826,8.4,W,R,S*56
$GNGGA,023809.00,3708.80819607,N,12724.86685796,E,4,37,0.5,145.9465,M,24.1323,M,1.0,1012*5A
$GNTHS,21.8634,A*23
$GNRMC,023809.20,A,3708.80819869,N,12724.86685915,E,0.010,273.9,070826,8.4,W,R,S*57
$GNGGA,023809.20,3708.80819869,N,12724.86685915,E,4,37,0.5,145.9338,M,24.1323,M,1.2,1012*56
$GNTHS,21.8478,A*29
$GNRMC,023809.40,A,3708.80820040,N,12724.86685937,E,0.012,246.3,070826,8.4,W,R,S*56
$GNGGA,023809.40,3708.80820040,N,12724.86685937,E,4,37,0.5,145.9175,M,24.1323,M,1.4,1012*54
$GNTHS,21.8572,A*22
$GNRMC,023809.60,A,3708.80820000,N,12724.86685917,E,0.026,259.0,070826,8.4,W,R,S*58
$GNGGA,023809.60,3708.80820000,N,12724.86685917,E,4,37,0.5,145.9250,M,24.1323,M,0.6,1012*57
$GNTHS,36.2912,A*24
$GNRMC,023809.80,A,3708.80819947,N,12724.86685748,E,0.005,155.0,070826,8.4,W,R,S*5C
$GNGGA,023809.80,3708.80819947,N,12724.86685748,E,4,37,0.5,145.9256,M,24.1323,M,0.8,1012*55
$GNTHS,36.2934,A*20
$GNRMC,023810.00,A,3708.80819899,N,12724.86685807,E,0.008,193.1,070826,8.4,W,R,S*5C
$GNGGA,023810.00,3708.80819899,N,12724.86685807,E,4,37,0.5,145.9272,M,24.1323,M,1.0,1012*5C
$GNTHS,36.2951,A*23
$GNRMC,023810.20,A,3708.80819936,N,12724.86685876,E,0.005,269.6,070826,8.4,W,R,S*50
